[{0=0, 1=0, 2=0, 3=0, 4=0, 5=0, 6=0, 7=0, 8=0, 9=0, 10=0}, {0=0, 1=0, 2=0, 3=0, 4=0, 5=0, 6=0, 7=0, 8=0, 9=20, 10=0}, {0=0, 1=0, 2=0, 3=0, 4=0, 5=48, 6=0, 7=0, 8=0, 9=0, 10=0}, {0=0, 1=0, 2=0, 3=0, 4=0, 5=0, 6=0, 7=15, 8=0, 9=0, 10=0}, {0=0, 1=0, 2=0, 3=0, 4=0, 5=0, 6=0, 7=11, 8=0, 9=0, 10=0}, {0=0, 1=6, 2=0, 3=0, 4=0, 5=0, 6=0, 7=0, 8=0, 9=0, 10=0}, {0=0, 1=0, 2=0, 3=0, 4=0, 5=0, 6=0, 7=0, 8=8, 9=0, 10=0}, {0=0, 1=0, 2=0, 3=9480, 4=0, 5=0, 6=0, 7=0, 8=0, 9=0, 10=0}, {0=0, 1=0, 2=0, 3=0, 4=0, 5=0, 6=0, 7=252, 8=0, 9=0, 10=0}, {0=0, 1=0, 2=0, 3=0, 4=0, 5=0, 6=0, 7=0, 8=0, 9=0, 10=40}, {0=0, 1=0, 2=0, 3=0, 4=0, 5=0, 6=0, 7=0, 8=0, 9=0, 10=0}]
[{0=0, 1=0, 2=0, 3=0, 4=0, 5=0, 6=0, 7=0, 8=0, 9=0, 10=0}, {0=0, 1=0, 2=0, 3=0, 4=0, 5=0, 6=0, 7=0, 8=0, 9=0, 10=80}, {0=0, 1=0, 2=0, 3=0, 4=0, 5=0, 6=0, 7=0, 8=0, 9=36, 10=0}, {0=0, 1=0, 2=0, 3=0, 4=0, 5=0, 6=0, 7=0, 8=10, 9=0, 10=0}, {0=0, 1=0, 2=0, 3=0, 4=6, 5=0, 6=0, 7=0, 8=0, 9=0, 10=0}, {0=0, 1=3, 2=0, 3=0, 4=0, 5=0, 6=0, 7=0, 8=0, 9=0, 10=0}, {0=0, 1=0, 2=0, 3=0, 4=0, 5=0, 6=0, 7=0, 8=7, 9=0, 10=0}, {0=1523, 1=0, 2=0, 3=0, 4=0, 5=0, 6=0, 7=0, 8=0, 9=0, 10=0}, {0=0, 1=0, 2=0, 3=0, 4=8207, 5=0, 6=0, 7=0, 8=0, 9=0, 10=0}, {0=0, 1=0, 2=0, 3=0, 4=0, 5=0, 6=0, 7=0, 8=0, 9=0, 10=8}, {0=0, 1=0, 2=0, 3=0, 4=0, 5=0, 6=0, 7=0, 8=0, 9=0, 10=0}]
[{0=0, 1=0, 2=0, 3=0, 4=0, 5=0, 6=0, 7=0, 8=0, 9=0, 10=0}, {0=0, 1=0, 2=0, 3=0, 4=0, 5=0, 6=0, 7=0, 8=0, 9=0, 10=30}, {0=0, 1=0, 2=0, 3=0, 4=0, 5=0, 6=0, 7=0, 8=0, 9=37, 10=0}, {0=0, 1=0, 2=0, 3=0, 4=0, 5=0, 6=0, 7=0, 8=0, 9=0, 10=12}, {0=0, 1=0, 2=0, 3=0, 4=4, 5=0, 6=0, 7=0, 8=0, 9=0, 10=0}, {0=0, 1=5, 2=0, 3=0, 4=0, 5=0, 6=0, 7=0, 8=0, 9=0, 10=0}, {0=0, 1=0, 2=0, 3=0, 4=0, 5=0, 6=0, 7=0, 8=6, 9=0, 10=0}, {0=0, 1=0, 2=0, 3=0, 4=0, 5=0, 6=4, 7=0, 8=0, 9=0, 10=0}, {0=0, 1=0, 2=0, 3=9772, 4=0, 5=0, 6=0, 7=0, 8=0, 9=0, 10=0}, {0=0, 1=0, 2=0, 3=0, 4=0, 5=0, 6=0, 7=0, 8=10, 9=0, 10=0}, {0=0, 1=0, 2=0, 3=0, 4=0, 5=0, 6=0, 7=0, 8=0, 9=0, 10=0}]
[{0=5, 1=9, 2=5, 3=3, 4=6, 5=8, 6=3, 7=6, 8=9, 9=9, 10=8}, {0=0, 1=0, 2=0, 3=0, 4=0, 5=0, 6=0, 7=0, 8=0, 9=0, 10=325}, {0=0, 1=0, 2=0, 3=0, 4=0, 5=0, 6=0, 7=0, 8=0, 9=0, 10=299}, {0=0, 1=0, 2=0, 3=0, 4=0, 5=0, 6=0, 7=0, 8=0, 9=0, 10=83}, {0=0, 1=0, 2=0, 3=0, 4=0, 5=0, 6=0, 7=0, 8=0, 9=68, 10=0}, {0=0, 1=0, 2=0, 3=0, 4=0, 5=0, 6=0, 7=0, 8=0, 9=0, 10=74}, {0=0, 1=0, 2=0, 3=0, 4=0, 5=0, 6=0, 7=0, 8=79, 9=0, 10=0}, {0=71, 1=0, 2=0, 3=0, 4=0, 5=0, 6=0, 7=0, 8=0, 9=0, 10=0}, {0=0, 1=0, 2=0, 3=0, 4=0, 5=0, 6=0, 7=80, 8=0, 9=0, 10=0}, {0=0, 1=0, 2=0, 3=0, 4=0, 5=0, 6=0, 7=0, 8=0, 9=242, 10=0}, {0=8, 1=0, 2=6, 3=3, 4=3, 5=6, 6=4, 7=5, 8=8, 9=6, 10=5}]
[{0=0, 1=0, 2=0, 3=0, 4=0, 5=0, 6=0, 7=0, 8=0, 9=0, 10=0}, {0=9877, 1=0, 2=0, 3=0, 4=0, 5=0, 6=0, 7=0, 8=0, 9=0, 10=0}, {0=0, 1=0, 2=0, 3=0, 4=0, 5=0, 6=0, 7=0, 8=0, 9=0, 10=3}, {0=0, 1=0, 2=0, 3=0, 4=0, 5=0, 6=0, 7=0, 8=0, 9=0, 10=0}, {0=0, 1=0, 2=0, 3=0, 4=0, 5=0, 6=0, 7=0, 8=0, 9=0, 10=0}, {0=0, 1=0, 2=0, 3=0, 4=0, 5=0, 6=0, 7=0, 8=0, 9=0, 10=0}, {0=0, 1=0, 2=0, 3=0, 4=0, 5=0, 6=0, 7=0, 8=0, 9=0, 10=0}, {0=0, 1=0, 2=0, 3=0, 4=0, 5=0, 6=0, 7=0, 8=0, 9=0, 10=0}, {0=0, 1=0, 2=0, 3=0, 4=0, 5=0, 6=0, 7=0, 8=0, 9=0, 10=0}, {0=0, 1=0, 2=0, 3=0, 4=0, 5=0, 6=0, 7=0, 8=0, 9=0, 10=0}, {0=0, 1=0, 2=0, 3=0, 4=0, 5=0, 6=0, 7=0, 8=0, 9=0, 10=0}]
[{0=1, 1=3, 2=1, 3=2, 4=2, 5=0, 6=2, 7=2, 8=4, 9=1, 10=4}, {0=0, 1=0, 2=0, 3=0, 4=0, 5=0, 6=0, 7=0, 8=299, 9=0, 10=0}, {0=0, 1=0, 2=0, 3=0, 4=0, 5=0, 6=0, 7=0, 8=0, 9=0, 10=453}, {0=0, 1=0, 2=0, 3=0, 4=0, 5=0, 6=0, 7=0, 8=0, 9=0, 10=137}, {0=0, 1=0, 2=0, 3=0, 4=0, 5=0, 6=0, 7=0, 8=0, 9=0, 10=75}, {0=0, 1=71, 2=0, 3=0, 4=0, 5=0, 6=0, 7=0, 8=0, 9=0, 10=0}, {0=0, 1=0, 2=0, 3=0, 4=0, 5=0, 6=0, 7=0, 8=0, 9=0, 10=72}, {0=0, 1=0, 2=0, 3=0, 4=0, 5=0, 6=0, 7=0, 8=0, 9=101, 10=0}, {0=0, 1=100, 2=0, 3=0, 4=0, 5=0, 6=0, 7=0, 8=0, 9=0, 10=0}, {0=0, 1=0, 2=0, 3=0, 4=0, 5=0, 6=0, 7=0, 8=0, 9=0, 10=268}, {0=2, 1=1, 2=0, 3=0, 4=0, 5=0, 6=1, 7=2, 8=0, 9=1, 10=0}]
[{0=0, 1=0, 2=0, 3=0, 4=0, 5=0, 6=0, 7=0, 8=0, 9=0, 10=0}, {0=0, 1=0, 2=0, 3=0, 4=0, 5=0, 6=0, 7=0, 8=132, 9=0, 10=0}, {0=0, 1=0, 2=0, 3=0, 4=0, 5=0, 6=77, 7=0, 8=0, 9=0, 10=0}, {0=0, 1=0, 2=0, 3=0, 4=0, 5=0, 6=0, 7=0, 8=0, 9=0, 10=20}, {0=0, 1=0, 2=0, 3=0, 4=0, 5=0, 6=0, 7=0, 8=0, 9=0, 10=7}, {0=0, 1=0, 2=0, 3=0, 4=0, 5=0, 6=0, 7=0, 8=0, 9=0, 10=5}, {0=0, 1=0, 2=0, 3=0, 4=0, 5=0, 6=0, 7=0, 8=5, 9=0, 10=0}, {0=0, 1=0, 2=0, 3=0, 4=0, 5=0, 6=0, 7=0, 8=0, 9=9, 10=0}, {0=0, 1=0, 2=0, 3=0, 4=9605, 5=0, 6=0, 7=0, 8=0, 9=0, 10=0}, {0=0, 1=0, 2=0, 3=0, 4=0, 5=0, 6=0, 7=20, 8=0, 9=0, 10=0}, {0=0, 1=0, 2=0, 3=0, 4=0, 5=0, 6=0, 7=0, 8=0, 9=0, 10=0}]
[{0=2, 1=2, 2=3, 3=1, 4=2, 5=3, 6=4, 7=1, 8=1, 9=1, 10=1}, {0=0, 1=0, 2=0, 3=0, 4=0, 5=0, 6=0, 7=0, 8=0, 9=0, 10=294}, {0=0, 1=0, 2=0, 3=0, 4=0, 5=0, 6=0, 7=0, 8=0, 9=393, 10=0}, {0=0, 1=0, 2=0, 3=0, 4=0, 5=0, 6=0, 7=0, 8=0, 9=0, 10=112}, {0=0, 1=0, 2=0, 3=0, 4=0, 5=0, 6=0, 7=0, 8=0, 9=0, 10=58}, {0=0, 1=0, 2=0, 3=0, 4=0, 5=0, 6=0, 7=0, 8=0, 9=86, 10=0}, {0=0, 1=0, 2=0, 3=0, 4=0, 5=0, 6=0, 7=0, 8=0, 9=84, 10=0}, {0=0, 1=0, 2=130, 3=0, 4=0, 5=0, 6=0, 7=0, 8=0, 9=0, 10=0}, {0=0, 1=0, 2=0, 3=0, 4=0, 5=0, 6=0, 7=0, 8=0, 9=99, 10=0}, {0=0, 1=0, 2=0, 3=0, 4=0, 5=0, 6=0, 7=0, 8=0, 9=0, 10=283}, {0=1, 1=2, 2=0, 3=1, 4=0, 5=1, 6=1, 7=0, 8=1, 9=0, 10=0}]
[{0=1, 1=2, 2=1, 3=3, 4=2, 5=5, 6=0, 7=0, 8=2, 9=4, 10=1}, {0=0, 1=0, 2=0, 3=0, 4=0, 5=0, 6=0, 7=0, 8=244, 9=0, 10=0}, {0=0, 1=0, 2=0, 3=0, 4=0, 5=0, 6=0, 7=0, 8=0, 9=0, 10=422}, {0=0, 1=0, 2=0, 3=0, 4=0, 5=0, 6=0, 7=0, 8=0, 9=0, 10=165}, {0=0, 1=0, 2=0, 3=0, 4=0, 5=0, 6=0, 7=0, 8=0, 9=67, 10=0}, {0=0, 1=74, 2=0, 3=0, 4=0, 5=0, 6=0, 7=0, 8=0, 9=0, 10=0}, {0=0, 1=0, 2=0, 3=0, 4=0, 5=0, 6=0, 7=0, 8=0, 9=71, 10=0}, {0=0, 1=0, 2=0, 3=0, 4=0, 5=0, 6=0, 7=0, 8=68, 9=0, 10=0}, {0=0, 1=0, 2=0, 3=0, 4=0, 5=0, 6=0, 7=0, 8=0, 9=71, 10=0}, {0=0, 1=0, 2=0, 3=0, 4=0, 5=0, 6=0, 7=0, 8=0, 9=232, 10=0}, {0=1, 1=1, 2=0, 3=0, 4=3, 5=0, 6=1, 7=0, 8=0, 9=1, 10=1}]
[{0=2, 1=0, 2=1, 3=1, 4=2, 5=0, 6=2, 7=2, 8=4, 9=1, 10=3}, {0=0, 1=0, 2=0, 3=0, 4=0, 5=0, 6=0, 7=0, 8=0, 9=0, 10=285}, {0=0, 1=0, 2=0, 3=0, 4=0, 5=0, 6=0, 7=0, 8=0, 9=0, 10=336}, {0=0, 1=0, 2=0, 3=0, 4=0, 5=0, 6=0, 7=0, 8=0, 9=0, 10=84}, {0=0, 1=0, 2=0, 3=0, 4=0, 5=0, 6=0, 7=0, 8=0, 9=76, 10=0}, {0=0, 1=58, 2=0, 3=0, 4=0, 5=0, 6=0, 7=0, 8=0, 9=0, 10=0}, {0=0, 1=0, 2=0, 3=0, 4=0, 5=0, 6=0, 7=0, 8=0, 9=0, 10=68}, {0=0, 1=0, 2=0, 3=0, 4=0, 5=0, 6=0, 7=0, 8=76, 9=0, 10=0}, {0=0, 1=0, 2=0, 3=0, 4=0, 5=0, 6=0, 7=0, 8=0, 9=69, 10=0}, {0=0, 1=0, 2=0, 3=0, 4=0, 5=0, 6=0, 7=0, 8=0, 9=220, 10=0}, {0=0, 1=0, 2=1, 3=2, 4=0, 5=1, 6=0, 7=1, 8=0, 9=0, 10=0}]
[{0=0, 1=0, 2=0, 3=0, 4=0, 5=0, 6=0, 7=0, 8=0, 9=0, 10=0}, {0=0, 1=0, 2=0, 3=0, 4=0, 5=0, 6=0, 7=0, 8=0, 9=0, 10=79}, {0=0, 1=0, 2=0, 3=0, 4=0, 5=0, 6=0, 7=0, 8=0, 9=0, 10=34}, {0=0, 1=0, 2=0, 3=0, 4=0, 5=0, 6=0, 7=0, 8=0, 9=0, 10=12}, {0=0, 1=0, 2=0, 3=0, 4=0, 5=0, 6=0, 7=0, 8=3, 9=0, 10=0}, {0=0, 1=5, 2=0, 3=0, 4=0, 5=0, 6=0, 7=0, 8=0, 9=0, 10=0}, {0=0, 1=0, 2=0, 3=0, 4=0, 5=0, 6=0, 7=0, 8=0, 9=0, 10=3}, {0=0, 1=0, 2=0, 3=0, 4=0, 5=201, 6=0, 7=0, 8=0, 9=0, 10=0}, {0=0, 1=0, 2=0, 3=0, 4=9492, 5=0, 6=0, 7=0, 8=0, 9=0, 10=0}, {0=0, 1=0, 2=0, 3=0, 4=0, 5=0, 6=0, 7=0, 8=0, 9=0, 10=51}, {0=0, 1=0, 2=0, 3=0, 4=0, 5=0, 6=0, 7=0, 8=0, 9=0, 10=0}]
[{0=2, 1=3, 2=1, 3=1, 4=2, 5=1, 6=1, 7=2, 8=0, 9=2, 10=3}, {0=0, 1=0, 2=0, 3=0, 4=0, 5=0, 6=0, 7=0, 8=0, 9=0, 10=222}, {0=0, 1=0, 2=0, 3=0, 4=0, 5=0, 6=0, 7=0, 8=0, 9=0, 10=356}, {0=0, 1=0, 2=0, 3=0, 4=0, 5=0, 6=0, 7=0, 8=0, 9=0, 10=177}, {0=0, 1=0, 2=0, 3=0, 4=0, 5=0, 6=0, 7=0, 8=0, 9=0, 10=65}, {0=0, 1=0, 2=0, 3=0, 4=0, 5=71, 6=0, 7=0, 8=0, 9=0, 10=0}, {0=0, 1=0, 2=0, 3=0, 4=0, 5=0, 6=0, 7=0, 8=0, 9=69, 10=0}, {0=0, 1=0, 2=0, 3=0, 4=0, 5=0, 6=0, 7=0, 8=0, 9=197, 10=0}, {0=0, 1=0, 2=3088, 3=0, 4=0, 5=0, 6=0, 7=0, 8=0, 9=0, 10=0}, {0=0, 1=0, 2=0, 3=0, 4=0, 5=0, 6=0, 7=0, 8=0, 9=0, 10=338}, {0=0, 1=2, 2=0, 3=1, 4=1, 5=1, 6=0, 7=0, 8=0, 9=0, 10=0}]
[{0=4, 1=3, 2=2, 3=1, 4=1, 5=2, 6=2, 7=1, 8=2, 9=2, 10=2}, {0=0, 1=0, 2=0, 3=0, 4=0, 5=0, 6=0, 7=277, 8=0, 9=0, 10=0}, {0=0, 1=0, 2=0, 3=0, 4=0, 5=0, 6=0, 7=0, 8=0, 9=0, 10=435}, {0=0, 1=0, 2=0, 3=0, 4=0, 5=0, 6=0, 7=0, 8=0, 9=142, 10=0}, {0=0, 1=0, 2=0, 3=0, 4=0, 5=0, 6=0, 7=0, 8=0, 9=65, 10=0}, {0=0, 1=0, 2=0, 3=0, 4=0, 5=55, 6=0, 7=0, 8=0, 9=0, 10=0}, {0=0, 1=0, 2=0, 3=0, 4=0, 5=0, 6=0, 7=0, 8=64, 9=0, 10=0}, {0=0, 1=0, 2=0, 3=0, 4=0, 5=0, 6=0, 7=0, 8=0, 9=0, 10=96}, {0=0, 1=0, 2=0, 3=0, 4=0, 5=0, 6=0, 7=0, 8=0, 9=0, 10=77}, {0=0, 1=0, 2=0, 3=0, 4=0, 5=0, 6=0, 7=0, 8=242, 9=0, 10=0}, {0=1, 1=0, 2=1, 3=1, 4=1, 5=1, 6=1, 7=0, 8=0, 9=0, 10=1}]
[{0=2, 1=2, 2=2, 3=5, 4=3, 5=4, 6=3, 7=2, 8=4, 9=1, 10=2}, {0=0, 1=0, 2=0, 3=0, 4=0, 5=0, 6=0, 7=0, 8=0, 9=286, 10=0}, {0=0, 1=0, 2=0, 3=0, 4=0, 5=0, 6=426, 7=0, 8=0, 9=0, 10=0}, {0=0, 1=0, 2=0, 3=0, 4=0, 5=0, 6=0, 7=0, 8=0, 9=265, 10=0}, {0=0, 1=0, 2=0, 3=0, 4=0, 5=0, 6=0, 7=0, 8=0, 9=0, 10=80}, {0=0, 1=0, 2=0, 3=0, 4=0, 5=0, 6=0, 7=0, 8=0, 9=0, 10=70}, {0=0, 1=0, 2=0, 3=0, 4=0, 5=0, 6=49, 7=0, 8=0, 9=0, 10=0}, {0=0, 1=0, 2=0, 3=0, 4=0, 5=0, 6=0, 7=0, 8=53, 9=0, 10=0}, {0=0, 1=0, 2=0, 3=0, 4=0, 5=0, 6=0, 7=0, 8=0, 9=0, 10=102}, {0=0, 1=0, 2=0, 3=0, 4=0, 5=0, 6=622, 7=0, 8=0, 9=0, 10=0}, {0=3, 1=1, 2=2, 3=2, 4=1, 5=2, 6=0, 7=1, 8=0, 9=0, 10=0}]
[{0=0, 1=0, 2=0, 3=0, 4=0, 5=0, 6=0, 7=0, 8=0, 9=0, 10=0}, {0=0, 1=0, 2=0, 3=0, 4=0, 5=0, 6=0, 7=0, 8=0, 9=89, 10=0}, {0=0, 1=0, 2=0, 3=0, 4=0, 5=0, 6=0, 7=0, 8=0, 9=0, 10=39}, {0=0, 1=0, 2=0, 3=0, 4=0, 5=0, 6=0, 7=0, 8=0, 9=9, 10=0}, {0=0, 1=0, 2=0, 3=0, 4=0, 5=0, 6=0, 7=0, 8=0, 9=0, 10=6}, {0=0, 1=0, 2=0, 3=0, 4=0, 5=0, 6=0, 7=0, 8=0, 9=0, 10=2}, {0=0, 1=0, 2=0, 3=0, 4=0, 5=0, 6=0, 7=4, 8=0, 9=0, 10=0}, {0=0, 1=0, 2=0, 3=0, 4=0, 5=0, 6=0, 7=0, 8=158, 9=0, 10=0}, {0=0, 1=0, 2=0, 3=0, 4=9423, 5=0, 6=0, 7=0, 8=0, 9=0, 10=0}, {0=0, 1=0, 2=0, 3=0, 4=0, 5=0, 6=0, 7=0, 8=0, 9=150, 10=0}, {0=0, 1=0, 2=0, 3=0, 4=0, 5=0, 6=0, 7=0, 8=0, 9=0, 10=0}]
[{0=3, 1=0, 2=3, 3=0, 4=1, 5=3, 6=1, 7=3, 8=1, 9=2, 10=1}, {0=0, 1=0, 2=0, 3=0, 4=0, 5=0, 6=0, 7=0, 8=0, 9=0, 10=283}, {0=0, 1=0, 2=0, 3=0, 4=0, 5=0, 6=0, 7=0, 8=0, 9=0, 10=336}, {0=0, 1=0, 2=0, 3=0, 4=0, 5=0, 6=91, 7=0, 8=0, 9=0, 10=0}, {0=0, 1=0, 2=0, 3=0, 4=0, 5=0, 6=0, 7=0, 8=0, 9=69, 10=0}, {0=0, 1=0, 2=0, 3=0, 4=0, 5=0, 6=0, 7=0, 8=52, 9=0, 10=0}, {0=0, 1=0, 2=0, 3=0, 4=0, 5=0, 6=73, 7=0, 8=0, 9=0, 10=0}, {0=0, 1=0, 2=0, 3=0, 4=0, 5=0, 6=0, 7=0, 8=0, 9=0, 10=67}, {0=0, 1=0, 2=0, 3=0, 4=0, 5=0, 6=68, 7=0, 8=0, 9=0, 10=0}, {0=0, 1=0, 2=0, 3=0, 4=0, 5=0, 6=0, 7=0, 8=0, 9=0, 10=213}, {0=2, 1=0, 2=0, 3=2, 4=0, 5=0, 6=0, 7=0, 8=0, 9=0, 10=2}]
[{0=0, 1=0, 2=0, 3=0, 4=0, 5=0, 6=0, 7=0, 8=0, 9=0, 10=0}, {0=0, 1=0, 2=0, 3=0, 4=0, 5=0, 6=0, 7=0, 8=0, 9=0, 10=79}, {0=0, 1=0, 2=0, 3=0, 4=0, 5=0, 6=0, 7=0, 8=0, 9=0, 10=34}, {0=0, 1=0, 2=0, 3=0, 4=0, 5=0, 6=0, 7=0, 8=0, 9=0, 10=12}, {0=0, 1=0, 2=0, 3=0, 4=0, 5=0, 6=0, 7=3, 8=0, 9=0, 10=0}, {0=0, 1=0, 2=0, 3=0, 4=0, 5=0, 6=0, 7=0, 8=5, 9=0, 10=0}, {0=0, 1=0, 2=0, 3=0, 4=0, 5=0, 6=0, 7=0, 8=0, 9=15, 10=0}, {0=0, 1=0, 2=0, 3=9679, 4=0, 5=0, 6=0, 7=0, 8=0, 9=0, 10=0}, {0=0, 1=0, 2=0, 3=0, 4=0, 5=0, 6=0, 7=0, 8=0, 9=26, 10=0}, {0=0, 1=0, 2=0, 3=0, 4=0, 5=0, 6=0, 7=0, 8=0, 9=27, 10=0}, {0=0, 1=0, 2=0, 3=0, 4=0, 5=0, 6=0, 7=0, 8=0, 9=0, 10=0}]
[{0=0, 1=0, 2=0, 3=0, 4=0, 5=0, 6=0, 7=0, 8=0, 9=0, 10=0}, {0=0, 1=0, 2=0, 3=0, 4=0, 5=0, 6=0, 7=0, 8=0, 9=0, 10=52}, {0=0, 1=0, 2=0, 3=0, 4=0, 5=0, 6=0, 7=0, 8=0, 9=36, 10=0}, {0=0, 1=0, 2=0, 3=0, 4=0, 5=0, 6=0, 7=0, 8=0, 9=0, 10=11}, {0=0, 1=0, 2=0, 3=0, 4=0, 5=0, 6=0, 7=5, 8=0, 9=0, 10=0}, {0=0, 1=2, 2=0, 3=0, 4=0, 5=0, 6=0, 7=0, 8=0, 9=0, 10=0}, {0=0, 1=0, 2=0, 3=0, 4=0, 5=4, 6=0, 7=0, 8=0, 9=0, 10=0}, {0=0, 1=9, 2=0, 3=0, 4=0, 5=0, 6=0, 7=0, 8=0, 9=0, 10=0}, {0=0, 1=0, 2=0, 3=0, 4=9744, 5=0, 6=0, 7=0, 8=0, 9=0, 10=0}, {0=0, 1=0, 2=0, 3=0, 4=0, 5=0, 6=0, 7=0, 8=17, 9=0, 10=0}, {0=0, 1=0, 2=0, 3=0, 4=0, 5=0, 6=0, 7=0, 8=0, 9=0, 10=0}]
[{0=3, 1=5, 2=3, 3=3, 4=7, 5=2, 6=2, 7=2, 8=3, 9=2, 10=4}, {0=0, 1=0, 2=0, 3=0, 4=0, 5=0, 6=0, 7=0, 8=0, 9=0, 10=313}, {0=0, 1=0, 2=0, 3=0, 4=0, 5=0, 6=0, 7=0, 8=0, 9=297, 10=0}, {0=0, 1=0, 2=0, 3=0, 4=0, 5=0, 6=0, 7=0, 8=0, 9=0, 10=92}, {0=0, 1=0, 2=0, 3=0, 4=0, 5=0, 6=0, 7=0, 8=0, 9=82, 10=0}, {0=0, 1=0, 2=0, 3=0, 4=0, 5=0, 6=0, 7=0, 8=53, 9=0, 10=0}, {0=0, 1=0, 2=0, 3=0, 4=0, 5=0, 6=0, 7=0, 8=0, 9=73, 10=0}, {0=69, 1=0, 2=0, 3=0, 4=0, 5=0, 6=0, 7=0, 8=0, 9=0, 10=0}, {0=0, 1=0, 2=0, 3=0, 4=0, 5=0, 6=0, 7=0, 8=0, 9=0, 10=65}, {0=0, 1=0, 2=0, 3=0, 4=0, 5=0, 6=0, 7=0, 8=0, 9=218, 10=0}, {0=0, 1=1, 2=1, 3=0, 4=0, 5=0, 6=1, 7=1, 8=1, 9=1, 10=0}]
[{0=0, 1=0, 2=0, 3=0, 4=0, 5=0, 6=0, 7=0, 8=0, 9=0, 10=0}, {0=0, 1=0, 2=0, 3=0, 4=0, 5=0, 6=292, 7=0, 8=0, 9=0, 10=0}, {0=0, 1=0, 2=0, 3=0, 4=0, 5=0, 6=0, 7=0, 8=0, 9=0, 10=71}, {0=0, 1=0, 2=0, 3=0, 4=0, 5=0, 6=0, 7=15, 8=0, 9=0, 10=0}, {0=0, 1=0, 2=0, 3=0, 4=0, 5=0, 6=0, 7=7, 8=0, 9=0, 10=0}, {0=0, 1=0, 2=0, 3=0, 4=0, 5=0, 6=0, 7=0, 8=0, 9=6, 10=0}, {0=0, 1=0, 2=0, 3=0, 4=0, 5=0, 6=0, 7=0, 8=0, 9=0, 10=2}, {0=0, 1=0, 2=0, 3=0, 4=0, 5=0, 6=0, 7=155, 8=0, 9=0, 10=0}, {0=0, 1=0, 2=0, 3=0, 4=9236, 5=0, 6=0, 7=0, 8=0, 9=0, 10=0}, {0=0, 1=0, 2=0, 3=0, 4=0, 5=0, 6=0, 7=0, 8=0, 9=0, 10=96}, {0=0, 1=0, 2=0, 3=0, 4=0, 5=0, 6=0, 7=0, 8=0, 9=0, 10=0}]
[{0=2, 1=4, 2=1, 3=0, 4=4, 5=3, 6=3, 7=2, 8=1, 9=1, 10=1}, {0=0, 1=0, 2=0, 3=0, 4=0, 5=0, 6=0, 7=0, 8=0, 9=0, 10=238}, {0=0, 1=0, 2=0, 3=0, 4=0, 5=0, 6=0, 7=0, 8=0, 9=0, 10=371}, {0=0, 1=0, 2=0, 3=0, 4=0, 5=0, 6=0, 7=198, 8=0, 9=0, 10=0}, {0=0, 1=0, 2=0, 3=0, 4=0, 5=0, 6=0, 7=0, 8=0, 9=71, 10=0}, {0=0, 1=0, 2=0, 3=0, 4=0, 5=0, 6=0, 7=0, 8=63, 9=0, 10=0}, {0=0, 1=0, 2=0, 3=0, 4=0, 5=72, 6=0, 7=0, 8=0, 9=0, 10=0}, {0=82, 1=0, 2=0, 3=0, 4=0, 5=0, 6=0, 7=0, 8=0, 9=0, 10=0}, {0=0, 1=0, 2=0, 3=0, 4=0, 5=0, 6=0, 7=0, 8=0, 9=0, 10=68}, {0=0, 1=0, 2=0, 3=0, 4=0, 5=0, 6=0, 7=0, 8=0, 9=241, 10=0}, {0=1, 1=3, 2=1, 3=1, 4=0, 5=0, 6=0, 7=0, 8=1, 9=0, 10=0}]
[{0=0, 1=2, 2=4, 3=1, 4=2, 5=2, 6=2, 7=4, 8=1, 9=0, 10=1}, {0=0, 1=0, 2=0, 3=0, 4=0, 5=0, 6=0, 7=0, 8=0, 9=0, 10=231}, {0=0, 1=0, 2=0, 3=0, 4=0, 5=0, 6=0, 7=0, 8=0, 9=0, 10=365}, {0=0, 1=0, 2=0, 3=0, 4=0, 5=88, 6=0, 7=0, 8=0, 9=0, 10=0}, {0=0, 1=0, 2=0, 3=0, 4=0, 5=0, 6=0, 7=0, 8=0, 9=64, 10=0}, {0=0, 1=0, 2=0, 3=0, 4=0, 5=0, 6=0, 7=0, 8=52, 9=0, 10=0}, {0=0, 1=0, 2=0, 3=0, 4=0, 5=0, 6=75, 7=0, 8=0, 9=0, 10=0}, {0=0, 1=0, 2=0, 3=0, 4=0, 5=0, 6=0, 7=0, 8=0, 9=85, 10=0}, {0=0, 1=0, 2=0, 3=0, 4=0, 5=0, 6=0, 7=61, 8=0, 9=0, 10=0}, {0=0, 1=0, 2=0, 3=0, 4=0, 5=0, 6=0, 7=0, 8=0, 9=0, 10=197}, {0=0, 1=1, 2=0, 3=1, 4=0, 5=1, 6=1, 7=1, 8=0, 9=1, 10=0}]
[{0=3, 1=1, 2=2, 3=0, 4=3, 5=1, 6=4, 7=2, 8=2, 9=1, 10=1}, {0=0, 1=0, 2=0, 3=0, 4=0, 5=0, 6=0, 7=0, 8=0, 9=201, 10=0}, {0=0, 1=0, 2=0, 3=0, 4=0, 5=0, 6=0, 7=0, 8=0, 9=0, 10=431}, {0=0, 1=0, 2=0, 3=0, 4=0, 5=0, 6=0, 7=0, 8=0, 9=146, 10=0}, {0=0, 1=0, 2=0, 3=0, 4=0, 5=0, 6=0, 7=0, 8=0, 9=0, 10=70}, {0=0, 1=0, 2=0, 3=0, 4=0, 5=0, 6=0, 7=0, 8=0, 9=0, 10=177}, {0=0, 1=0, 2=143, 3=0, 4=0, 5=0, 6=0, 7=0, 8=0, 9=0, 10=0}, {0=0, 1=0, 2=0, 3=0, 4=0, 5=0, 6=106, 7=0, 8=0, 9=0, 10=0}, {0=0, 1=0, 2=0, 3=0, 4=0, 5=89, 6=0, 7=0, 8=0, 9=0, 10=0}, {0=0, 1=0, 2=0, 3=0, 4=0, 5=0, 6=0, 7=0, 8=0, 9=273, 10=0}, {0=0, 1=2, 2=0, 3=0, 4=1, 5=1, 6=0, 7=1, 8=2, 9=0, 10=0}]
[{0=4, 1=2, 2=5, 3=5, 4=3, 5=1, 6=1, 7=4, 8=3, 9=1, 10=7}, {0=0, 1=0, 2=0, 3=0, 4=0, 5=0, 6=0, 7=0, 8=0, 9=0, 10=173}, {0=0, 1=0, 2=0, 3=0, 4=0, 5=0, 6=0, 7=0, 8=0, 9=0, 10=117}, {0=0, 1=0, 2=0, 3=0, 4=0, 5=0, 6=0, 7=0, 8=0, 9=50, 10=0}, {0=0, 1=0, 2=0, 3=0, 4=0, 5=0, 6=0, 7=0, 8=0, 9=0, 10=51}, {0=0, 1=0, 2=0, 3=0, 4=0, 5=0, 6=0, 7=0, 8=0, 9=0, 10=56}, {0=0, 1=0, 2=0, 3=0, 4=0, 5=0, 6=0, 7=0, 8=0, 9=52, 10=0}, {0=0, 1=0, 2=0, 3=0, 4=0, 5=0, 6=0, 7=0, 8=68, 9=0, 10=0}, {0=0, 1=0, 2=0, 3=0, 4=0, 5=53, 6=0, 7=0, 8=0, 9=0, 10=0}, {0=0, 1=0, 2=0, 3=0, 4=0, 5=0, 6=0, 7=0, 8=0, 9=0, 10=206}, {0=5, 1=7, 2=1, 3=4, 4=5, 5=2, 6=1, 7=5, 8=3, 9=5, 10=0}]
[{0=0, 1=0, 2=0, 3=0, 4=0, 5=0, 6=0, 7=0, 8=0, 9=0, 10=0}, {0=0, 1=0, 2=0, 3=0, 4=0, 5=0, 6=0, 7=0, 8=0, 9=0, 10=79}, {0=0, 1=0, 2=0, 3=0, 4=0, 5=0, 6=0, 7=0, 8=0, 9=0, 10=35}, {0=0, 1=0, 2=0, 3=0, 4=0, 5=0, 6=0, 7=0, 8=0, 9=0, 10=9}, {0=0, 1=0, 2=0, 3=0, 4=0, 5=0, 6=0, 7=0, 8=0, 9=0, 10=6}, {0=0, 1=0, 2=0, 3=0, 4=0, 5=0, 6=0, 7=0, 8=0, 9=2, 10=0}, {0=0, 1=0, 2=0, 3=0, 4=0, 5=0, 6=0, 7=0, 8=4, 9=0, 10=0}, {0=0, 1=0, 2=0, 3=0, 4=0, 5=0, 6=0, 7=0, 8=0, 9=201, 10=0}, {0=0, 1=0, 2=0, 3=0, 4=9001, 5=0, 6=0, 7=0, 8=0, 9=0, 10=0}, {0=0, 1=0, 2=0, 3=0, 4=0, 5=0, 6=0, 7=0, 8=543, 9=0, 10=0}, {0=0, 1=0, 2=0, 3=0, 4=0, 5=0, 6=0, 7=0, 8=0, 9=0, 10=0}]
[{0=0, 1=0, 2=0, 3=0, 4=0, 5=0, 6=0, 7=0, 8=0, 9=0, 10=0}, {0=0, 1=0, 2=0, 3=0, 4=0, 5=0, 6=0, 7=0, 8=0, 9=0, 10=69}, {0=0, 1=0, 2=0, 3=0, 4=0, 5=0, 6=0, 7=0, 8=59, 9=0, 10=0}, {0=0, 1=0, 2=0, 3=0, 4=0, 5=0, 6=0, 7=0, 8=0, 9=0, 10=12}, {0=0, 1=0, 2=0, 3=0, 4=0, 5=0, 6=0, 7=0, 8=0, 9=0, 10=5}, {0=0, 1=0, 2=0, 3=0, 4=0, 5=0, 6=0, 7=0, 8=0, 9=5, 10=0}, {0=0, 1=0, 2=0, 3=0, 4=0, 5=0, 6=0, 7=0, 8=0, 9=0, 10=4}, {0=0, 1=0, 2=0, 3=0, 4=0, 5=170, 6=0, 7=0, 8=0, 9=0, 10=0}, {0=0, 1=0, 2=0, 3=9533, 4=0, 5=0, 6=0, 7=0, 8=0, 9=0, 10=0}, {0=0, 1=0, 2=0, 3=0, 4=0, 5=0, 6=0, 7=0, 8=0, 9=0, 10=23}, {0=0, 1=0, 2=0, 3=0, 4=0, 5=0, 6=0, 7=0, 8=0, 9=0, 10=0}]
[{0=0, 1=0, 2=0, 3=0, 4=0, 5=0, 6=0, 7=0, 8=0, 9=0, 10=0}, {0=0, 1=0, 2=0, 3=0, 4=0, 5=0, 6=0, 7=0, 8=0, 9=89, 10=0}, {0=0, 1=0, 2=0, 3=0, 4=0, 5=0, 6=0, 7=0, 8=0, 9=37, 10=0}, {0=0, 1=0, 2=16, 3=0, 4=0, 5=0, 6=0, 7=0, 8=0, 9=0, 10=0}, {0=0, 1=0, 2=0, 3=0, 4=0, 5=9, 6=0, 7=0, 8=0, 9=0, 10=0}, {0=0, 1=0, 2=0, 3=0, 4=0, 5=0, 6=0, 7=9, 8=0, 9=0, 10=0}, {0=0, 1=0, 2=3, 3=0, 4=0, 5=0, 6=0, 7=0, 8=0, 9=0, 10=0}, {0=0, 1=0, 2=0, 3=0, 4=0, 5=0, 6=0, 7=0, 8=0, 9=0, 10=21}, {0=0, 1=0, 2=0, 3=0, 4=1301, 5=0, 6=0, 7=0, 8=0, 9=0, 10=0}, {0=0, 1=0, 2=0, 3=0, 4=8395, 5=0, 6=0, 7=0, 8=0, 9=0, 10=0}, {0=0, 1=0, 2=0, 3=0, 4=0, 5=0, 6=0, 7=0, 8=0, 9=0, 10=0}]
[{0=0, 1=0, 2=0, 3=0, 4=0, 5=0, 6=0, 7=0, 8=0, 9=0, 10=0}, {0=0, 1=0, 2=0, 3=0, 4=0, 5=0, 6=0, 7=0, 8=0, 9=0, 10=79}, {0=0, 1=0, 2=0, 3=0, 4=0, 5=0, 6=0, 7=0, 8=0, 9=0, 10=73}, {0=7964, 1=0, 2=0, 3=0, 4=0, 5=0, 6=0, 7=0, 8=0, 9=0, 10=0}, {0=0, 1=0, 2=0, 3=0, 4=0, 5=448, 6=0, 7=0, 8=0, 9=0, 10=0}, {0=0, 1=0, 2=0, 3=757, 4=0, 5=0, 6=0, 7=0, 8=0, 9=0, 10=0}, {0=0, 1=0, 2=0, 3=0, 4=0, 5=0, 6=67, 7=0, 8=0, 9=0, 10=0}, {0=0, 1=0, 2=0, 3=0, 4=0, 5=0, 6=0, 7=0, 8=0, 9=101, 10=0}, {0=0, 1=0, 2=0, 3=0, 4=0, 5=0, 6=0, 7=100, 8=0, 9=0, 10=0}, {0=0, 1=0, 2=0, 3=0, 4=0, 5=0, 6=0, 7=0, 8=0, 9=291, 10=0}, {0=0, 1=0, 2=0, 3=0, 4=0, 5=0, 6=0, 7=0, 8=0, 9=0, 10=0}]
[{0=2, 1=5, 2=5, 3=0, 4=1, 5=1, 6=3, 7=4, 8=3, 9=1, 10=1}, {0=0, 1=0, 2=0, 3=0, 4=0, 5=0, 6=178, 7=0, 8=0, 9=0, 10=0}, {0=0, 1=0, 2=0, 3=0, 4=0, 5=0, 6=0, 7=0, 8=0, 9=0, 10=396}, {0=0, 1=0, 2=0, 3=0, 4=0, 5=0, 6=0, 7=191, 8=0, 9=0, 10=0}, {0=0, 1=0, 2=0, 3=0, 4=0, 5=0, 6=0, 7=78, 8=0, 9=0, 10=0}, {0=0, 1=0, 2=0, 3=0, 4=0, 5=0, 6=0, 7=0, 8=0, 9=76, 10=0}, {0=0, 1=0, 2=0, 3=0, 4=0, 5=70, 6=0, 7=0, 8=0, 9=0, 10=0}, {0=0, 1=0, 2=0, 3=0, 4=0, 5=0, 6=0, 7=0, 8=0, 9=82, 10=0}, {0=0, 1=0, 2=0, 3=0, 4=0, 5=0, 6=0, 7=0, 8=70, 9=0, 10=0}, {0=0, 1=0, 2=0, 3=0, 4=0, 5=0, 6=0, 7=0, 8=0, 9=229, 10=0}, {0=1, 1=0, 2=2, 3=0, 4=0, 5=2, 6=1, 7=1, 8=0, 9=2, 10=1}]
[{0=0, 1=1, 2=1, 3=2, 4=1, 5=0, 6=1, 7=3, 8=3, 9=5, 10=2}, {0=0, 1=0, 2=0, 3=0, 4=0, 5=0, 6=0, 7=0, 8=0, 9=250, 10=0}, {0=0, 1=0, 2=0, 3=0, 4=0, 5=0, 6=0, 7=0, 8=0, 9=0, 10=413}, {0=0, 1=0, 2=0, 3=0, 4=0, 5=0, 6=0, 7=0, 8=0, 9=133, 10=0}, {0=0, 1=0, 2=0, 3=0, 4=0, 5=0, 6=64, 7=0, 8=0, 9=0, 10=0}, {0=0, 1=73, 2=0, 3=0, 4=0, 5=0, 6=0, 7=0, 8=0, 9=0, 10=0}, {0=0, 1=0, 2=0, 3=0, 4=0, 5=0, 6=67, 7=0, 8=0, 9=0, 10=0}, {0=0, 1=0, 2=0, 3=0, 4=0, 5=0, 6=0, 7=0, 8=0, 9=66, 10=0}, {0=0, 1=0, 2=0, 3=0, 4=0, 5=0, 6=0, 7=0, 8=0, 9=0, 10=72}, {0=0, 1=0, 2=0, 3=0, 4=0, 5=0, 6=0, 7=0, 8=0, 9=0, 10=211}, {0=1, 1=0, 2=0, 3=1, 4=1, 5=0, 6=0, 7=0, 8=0, 9=1, 10=2}]
[{0=1, 1=1, 2=2, 3=2, 4=2, 5=3, 6=4, 7=1, 8=1, 9=2, 10=3}, {0=0, 1=0, 2=0, 3=0, 4=0, 5=0, 6=0, 7=0, 8=0, 9=0, 10=190}, {0=0, 1=0, 2=0, 3=0, 4=0, 5=0, 6=0, 7=0, 8=0, 9=0, 10=413}, {0=0, 1=0, 2=0, 3=0, 4=0, 5=0, 6=0, 7=0, 8=222, 9=0, 10=0}, {0=0, 1=0, 2=0, 3=0, 4=0, 5=0, 6=0, 7=0, 8=0, 9=0, 10=117}, {0=0, 1=0, 2=0, 3=0, 4=0, 5=0, 6=0, 7=1057, 8=0, 9=0, 10=0}, {0=0, 1=0, 2=0, 3=0, 4=1772, 5=0, 6=0, 7=0, 8=0, 9=0, 10=0}, {0=0, 1=0, 2=0, 3=0, 4=0, 5=0, 6=135, 7=0, 8=0, 9=0, 10=0}, {0=0, 1=0, 2=0, 3=0, 4=0, 5=90, 6=0, 7=0, 8=0, 9=0, 10=0}, {0=0, 1=0, 2=0, 3=0, 4=0, 5=0, 6=0, 7=0, 8=0, 9=0, 10=407}, {0=0, 1=2, 2=0, 3=0, 4=0, 5=0, 6=2, 7=0, 8=1, 9=0, 10=2}]
[{0=0, 1=0, 2=0, 3=0, 4=0, 5=3, 6=0, 7=0, 8=0, 9=2, 10=0}, {0=0, 1=0, 2=0, 3=0, 4=9875, 5=0, 6=0, 7=0, 8=0, 9=0, 10=0}, {0=0, 1=0, 2=0, 3=0, 4=0, 5=0, 6=0, 7=0, 8=0, 9=0, 10=0}, {0=0, 1=0, 2=0, 3=0, 4=0, 5=0, 6=0, 7=0, 8=0, 9=0, 10=0}, {0=0, 1=0, 2=0, 3=0, 4=0, 5=0, 6=0, 7=0, 8=0, 9=0, 10=0}, {0=0, 1=0, 2=0, 3=0, 4=0, 5=0, 6=0, 7=0, 8=0, 9=0, 10=0}, {0=0, 1=0, 2=0, 3=0, 4=0, 5=0, 6=0, 7=0, 8=0, 9=0, 10=0}, {0=0, 1=0, 2=0, 3=0, 4=0, 5=0, 6=0, 7=0, 8=0, 9=0, 10=0}, {0=0, 1=0, 2=0, 3=0, 4=0, 5=0, 6=0, 7=0, 8=0, 9=0, 10=0}, {0=0, 1=0, 2=0, 3=0, 4=0, 5=0, 6=0, 7=0, 8=0, 9=0, 10=0}, {0=0, 1=0, 2=0, 3=0, 4=0, 5=0, 6=0, 7=0, 8=0, 9=0, 10=0}]
[{0=0, 1=0, 2=0, 3=0, 4=0, 5=0, 6=0, 7=0, 8=0, 9=0, 10=0}, {0=0, 1=0, 2=0, 3=0, 4=0, 5=0, 6=0, 7=0, 8=0, 9=89, 10=0}, {0=0, 1=0, 2=0, 3=0, 4=0, 5=0, 6=0, 7=0, 8=0, 9=0, 10=39}, {0=0, 1=0, 2=0, 3=0, 4=0, 5=0, 6=0, 7=0, 8=0, 9=0, 10=9}, {0=0, 1=5, 2=0, 3=0, 4=0, 5=0, 6=0, 7=0, 8=0, 9=0, 10=0}, {0=0, 1=0, 2=0, 3=0, 4=0, 5=0, 6=0, 7=6, 8=0, 9=0, 10=0}, {0=0, 1=0, 2=0, 3=0, 4=0, 5=0, 6=0, 7=0, 8=1, 9=0, 10=0}, {0=0, 1=0, 2=0, 3=0, 4=0, 5=0, 6=0, 7=7, 8=0, 9=0, 10=0}, {0=0, 1=0, 2=0, 3=0, 4=9672, 5=0, 6=0, 7=0, 8=0, 9=0, 10=0}, {0=0, 1=0, 2=0, 3=0, 4=0, 5=0, 6=0, 7=52, 8=0, 9=0, 10=0}, {0=0, 1=0, 2=0, 3=0, 4=0, 5=0, 6=0, 7=0, 8=0, 9=0, 10=0}]
[{0=6, 1=3, 2=3, 3=8, 4=3, 5=4, 6=5, 7=2, 8=3, 9=3, 10=4}, {0=0, 1=0, 2=0, 3=0, 4=0, 5=0, 6=0, 7=0, 8=0, 9=0, 10=233}, {0=0, 1=0, 2=0, 3=0, 4=0, 5=0, 6=0, 7=0, 8=477, 9=0, 10=0}, {0=0, 1=0, 2=0, 3=0, 4=0, 5=0, 6=233, 7=0, 8=0, 9=0, 10=0}, {0=0, 1=0, 2=0, 3=0, 4=0, 5=0, 6=0, 7=0, 8=0, 9=0, 10=87}, {0=79, 1=0, 2=0, 3=0, 4=0, 5=0, 6=0, 7=0, 8=0, 9=0, 10=0}, {0=0, 1=0, 2=0, 3=0, 4=0, 5=0, 6=0, 7=0, 8=0, 9=69, 10=0}, {0=0, 1=0, 2=0, 3=0, 4=0, 5=75, 6=0, 7=0, 8=0, 9=0, 10=0}, {0=0, 1=0, 2=0, 3=0, 4=0, 5=0, 6=89, 7=0, 8=0, 9=0, 10=0}, {0=0, 1=0, 2=0, 3=0, 4=0, 5=0, 6=0, 7=0, 8=0, 9=287, 10=0}, {0=2, 1=1, 2=2, 3=2, 4=2, 5=0, 6=2, 7=4, 8=1, 9=6, 10=3}]
[{0=4, 1=4, 2=2, 3=3, 4=3, 5=6, 6=2, 7=2, 8=1, 9=3, 10=1}, {0=0, 1=0, 2=0, 3=0, 4=0, 5=0, 6=0, 7=0, 8=0, 9=226, 10=0}, {0=0, 1=0, 2=0, 3=0, 4=0, 5=0, 6=0, 7=0, 8=0, 9=0, 10=451}, {0=0, 1=0, 2=0, 3=0, 4=0, 5=0, 6=160, 7=0, 8=0, 9=0, 10=0}, {0=0, 1=0, 2=84, 3=0, 4=0, 5=0, 6=0, 7=0, 8=0, 9=0, 10=0}, {0=0, 1=0, 2=0, 3=0, 4=0, 5=0, 6=0, 7=0, 8=0, 9=76, 10=0}, {0=0, 1=0, 2=0, 3=0, 4=0, 5=0, 6=0, 7=0, 8=0, 9=66, 10=0}, {0=0, 1=0, 2=0, 3=0, 4=0, 5=77, 6=0, 7=0, 8=0, 9=0, 10=0}, {0=0, 1=0, 2=0, 3=0, 4=0, 5=0, 6=60, 7=0, 8=0, 9=0, 10=0}, {0=0, 1=0, 2=0, 3=0, 4=0, 5=0, 6=0, 7=0, 8=0, 9=0, 10=249}, {0=1, 1=1, 2=2, 3=1, 4=2, 5=0, 6=1, 7=2, 8=0, 9=0, 10=2}]
[{0=0, 1=0, 2=0, 3=0, 4=0, 5=0, 6=0, 7=0, 8=0, 9=0, 10=0}, {0=0, 1=0, 2=0, 3=0, 4=0, 5=0, 6=0, 7=0, 8=132, 9=0, 10=0}, {0=0, 1=0, 2=0, 3=0, 4=0, 5=0, 6=0, 7=0, 8=0, 9=0, 10=48}, {0=0, 1=13, 2=0, 3=0, 4=0, 5=0, 6=0, 7=0, 8=0, 9=0, 10=0}, {0=0, 1=0, 2=8, 3=0, 4=0, 5=0, 6=0, 7=0, 8=0, 9=0, 10=0}, {0=0, 1=0, 2=0, 3=0, 4=1889, 5=0, 6=0, 7=0, 8=0, 9=0, 10=0}, {0=7783, 1=0, 2=0, 3=0, 4=0, 5=0, 6=0, 7=0, 8=0, 9=0, 10=0}, {0=0, 1=0, 2=0, 3=0, 4=0, 5=0, 6=0, 7=0, 8=7, 9=0, 10=0}, {0=0, 1=0, 2=0, 3=0, 4=0, 5=0, 6=0, 7=0, 8=0, 9=0, 10=0}, {0=0, 1=0, 2=0, 3=0, 4=0, 5=0, 6=0, 7=0, 8=0, 9=0, 10=0}, {0=0, 1=0, 2=0, 3=0, 4=0, 5=0, 6=0, 7=0, 8=0, 9=0, 10=0}]
[{0=0, 1=0, 2=0, 3=0, 4=0, 5=0, 6=0, 7=0, 8=0, 9=0, 10=0}, {0=0, 1=0, 2=0, 3=0, 4=0, 5=0, 6=0, 7=0, 8=0, 9=0, 10=247}, {0=0, 1=0, 2=0, 3=0, 4=0, 5=0, 6=0, 7=0, 8=0, 9=0, 10=837}, {0=0, 1=0, 2=7910, 3=0, 4=0, 5=0, 6=0, 7=0, 8=0, 9=0, 10=0}, {0=0, 1=0, 2=0, 3=0, 4=0, 5=0, 6=0, 7=0, 8=328, 9=0, 10=0}, {0=0, 1=0, 2=106, 3=0, 4=0, 5=0, 6=0, 7=0, 8=0, 9=0, 10=0}, {0=0, 1=0, 2=0, 3=0, 4=0, 5=0, 6=0, 7=0, 8=0, 9=73, 10=0}, {0=0, 1=0, 2=0, 3=0, 4=0, 5=0, 6=0, 7=0, 8=0, 9=0, 10=70}, {0=0, 1=0, 2=0, 3=0, 4=0, 5=0, 6=0, 7=0, 8=0, 9=0, 10=77}, {0=0, 1=0, 2=0, 3=0, 4=0, 5=0, 6=0, 7=0, 8=0, 9=0, 10=232}, {0=0, 1=0, 2=0, 3=0, 4=0, 5=0, 6=0, 7=0, 8=0, 9=0, 10=0}]
[{0=0, 1=0, 2=0, 3=0, 4=0, 5=0, 6=0, 7=0, 8=0, 9=0, 10=0}, {0=0, 1=0, 2=0, 3=0, 4=0, 5=42, 6=0, 7=0, 8=0, 9=0, 10=0}, {0=0, 1=0, 2=0, 3=0, 4=0, 5=0, 6=0, 7=0, 8=68, 9=0, 10=0}, {0=0, 1=0, 2=0, 3=0, 4=0, 5=0, 6=0, 7=0, 8=32, 9=0, 10=0}, {0=7570, 1=0, 2=0, 3=0, 4=0, 5=0, 6=0, 7=0, 8=0, 9=0, 10=0}, {0=0, 1=0, 2=0, 3=1486, 4=0, 5=0, 6=0, 7=0, 8=0, 9=0, 10=0}, {0=0, 1=0, 2=0, 3=0, 4=0, 5=0, 6=0, 7=0, 8=0, 9=55, 10=0}, {0=0, 1=0, 2=0, 3=0, 4=0, 5=0, 6=0, 7=0, 8=0, 9=95, 10=0}, {0=143, 1=0, 2=0, 3=0, 4=0, 5=0, 6=0, 7=0, 8=0, 9=0, 10=0}, {0=0, 1=0, 2=0, 3=0, 4=0, 5=0, 6=0, 7=0, 8=0, 9=389, 10=0}, {0=0, 1=0, 2=0, 3=0, 4=0, 5=0, 6=0, 7=0, 8=0, 9=0, 10=0}]
[{0=0, 1=0, 2=0, 3=0, 4=0, 5=0, 6=0, 7=0, 8=0, 9=0, 10=0}, {0=0, 1=0, 2=0, 3=0, 4=0, 5=0, 6=429, 7=0, 8=0, 9=0, 10=0}, {0=0, 1=0, 2=0, 3=0, 4=9451, 5=0, 6=0, 7=0, 8=0, 9=0, 10=0}, {0=0, 1=0, 2=0, 3=0, 4=0, 5=0, 6=0, 7=0, 8=0, 9=0, 10=0}, {0=0, 1=0, 2=0, 3=0, 4=0, 5=0, 6=0, 7=0, 8=0, 9=0, 10=0}, {0=0, 1=0, 2=0, 3=0, 4=0, 5=0, 6=0, 7=0, 8=0, 9=0, 10=0}, {0=0, 1=0, 2=0, 3=0, 4=0, 5=0, 6=0, 7=0, 8=0, 9=0, 10=0}, {0=0, 1=0, 2=0, 3=0, 4=0, 5=0, 6=0, 7=0, 8=0, 9=0, 10=0}, {0=0, 1=0, 2=0, 3=0, 4=0, 5=0, 6=0, 7=0, 8=0, 9=0, 10=0}, {0=0, 1=0, 2=0, 3=0, 4=0, 5=0, 6=0, 7=0, 8=0, 9=0, 10=0}, {0=0, 1=0, 2=0, 3=0, 4=0, 5=0, 6=0, 7=0, 8=0, 9=0, 10=0}]
[{0=0, 1=0, 2=0, 3=0, 4=0, 5=0, 6=0, 7=0, 8=0, 9=0, 10=0}, {0=9879, 1=0, 2=0, 3=0, 4=0, 5=0, 6=0, 7=0, 8=0, 9=0, 10=0}, {0=0, 1=0, 2=0, 3=0, 4=0, 5=0, 6=0, 7=0, 8=0, 9=1, 10=0}, {0=0, 1=0, 2=0, 3=0, 4=0, 5=0, 6=0, 7=0, 8=0, 9=0, 10=0}, {0=0, 1=0, 2=0, 3=0, 4=0, 5=0, 6=0, 7=0, 8=0, 9=0, 10=0}, {0=0, 1=0, 2=0, 3=0, 4=0, 5=0, 6=0, 7=0, 8=0, 9=0, 10=0}, {0=0, 1=0, 2=0, 3=0, 4=0, 5=0, 6=0, 7=0, 8=0, 9=0, 10=0}, {0=0, 1=0, 2=0, 3=0, 4=0, 5=0, 6=0, 7=0, 8=0, 9=0, 10=0}, {0=0, 1=0, 2=0, 3=0, 4=0, 5=0, 6=0, 7=0, 8=0, 9=0, 10=0}, {0=0, 1=0, 2=0, 3=0, 4=0, 5=0, 6=0, 7=0, 8=0, 9=0, 10=0}, {0=0, 1=0, 2=0, 3=0, 4=0, 5=0, 6=0, 7=0, 8=0, 9=0, 10=0}]
[{0=1, 1=1, 2=6, 3=1, 4=2, 5=1, 6=2, 7=5, 8=2, 9=0, 10=1}, {0=0, 1=0, 2=0, 3=0, 4=0, 5=0, 6=0, 7=0, 8=242, 9=0, 10=0}, {0=0, 1=0, 2=0, 3=0, 4=0, 5=0, 6=0, 7=0, 8=0, 9=402, 10=0}, {0=0, 1=0, 2=0, 3=0, 4=0, 5=0, 6=0, 7=0, 8=0, 9=0, 10=154}, {0=0, 1=0, 2=0, 3=0, 4=0, 5=0, 6=65, 7=0, 8=0, 9=0, 10=0}, {0=0, 1=0, 2=0, 3=0, 4=0, 5=0, 6=0, 7=0, 8=0, 9=0, 10=69}, {0=0, 1=0, 2=0, 3=0, 4=0, 5=0, 6=0, 7=0, 8=0, 9=0, 10=60}, {0=73, 1=0, 2=0, 3=0, 4=0, 5=0, 6=0, 7=0, 8=0, 9=0, 10=0}, {0=0, 1=0, 2=0, 3=0, 4=0, 5=0, 6=0, 7=0, 8=0, 9=0, 10=65}, {0=0, 1=0, 2=0, 3=0, 4=0, 5=0, 6=0, 7=0, 8=0, 9=0, 10=228}, {0=0, 1=2, 2=0, 3=1, 4=0, 5=1, 6=1, 7=1, 8=0, 9=1, 10=0}]
[{0=5, 1=2, 2=6, 3=9, 4=3, 5=4, 6=4, 7=9, 8=1, 9=7, 10=3}, {0=0, 1=0, 2=0, 3=0, 4=0, 5=0, 6=0, 7=0, 8=0, 9=0, 10=1019}, {0=0, 1=0, 2=0, 3=0, 4=0, 5=0, 6=0, 7=0, 8=0, 9=1038, 10=0}, {0=0, 1=0, 2=491, 3=0, 4=0, 5=0, 6=0, 7=0, 8=0, 9=0, 10=0}, {0=0, 1=0, 2=0, 3=0, 4=0, 5=0, 6=0, 7=0, 8=0, 9=199, 10=0}, {0=0, 1=0, 2=0, 3=0, 4=0, 5=0, 6=0, 7=0, 8=0, 9=0, 10=162}, {0=0, 1=0, 2=0, 3=0, 4=0, 5=0, 6=0, 7=0, 8=0, 9=154, 10=0}, {0=139, 1=0, 2=0, 3=0, 4=0, 5=0, 6=0, 7=0, 8=0, 9=0, 10=0}, {0=0, 1=0, 2=0, 3=0, 4=0, 5=0, 6=0, 7=0, 8=0, 9=155, 10=0}, {0=0, 1=0, 2=0, 3=0, 4=0, 5=0, 6=0, 7=0, 8=0, 9=514, 10=0}, {0=0, 1=0, 2=0, 3=0, 4=0, 5=0, 6=0, 7=0, 8=0, 9=0, 10=0}]
[{0=3, 1=3, 2=2, 3=0, 4=2, 5=5, 6=4, 7=0, 8=1, 9=2, 10=2}, {0=0, 1=0, 2=0, 3=0, 4=0, 5=0, 6=0, 7=0, 8=0, 9=0, 10=250}, {0=0, 1=0, 2=0, 3=0, 4=0, 5=0, 6=0, 7=0, 8=0, 9=428, 10=0}, {0=0, 1=0, 2=0, 3=0, 4=0, 5=0, 6=0, 7=146, 8=0, 9=0, 10=0}, {0=0, 1=0, 2=0, 3=0, 4=0, 5=0, 6=0, 7=0, 8=0, 9=57, 10=0}, {0=0, 1=0, 2=0, 3=0, 4=0, 5=0, 6=0, 7=0, 8=0, 9=0, 10=47}, {0=0, 1=0, 2=0, 3=0, 4=0, 5=0, 6=0, 7=0, 8=66, 9=0, 10=0}, {0=0, 1=0, 2=0, 3=0, 4=0, 5=0, 6=0, 7=0, 8=0, 9=0, 10=106}, {0=0, 1=0, 2=0, 3=0, 4=0, 5=0, 6=0, 7=0, 8=150, 9=0, 10=0}, {0=0, 1=0, 2=0, 3=0, 4=0, 5=402, 6=0, 7=0, 8=0, 9=0, 10=0}, {0=0, 1=0, 2=1, 3=1, 4=1, 5=3, 6=0, 7=1, 8=0, 9=0, 10=1}]
[{0=0, 1=0, 2=0, 3=0, 4=0, 5=0, 6=0, 7=0, 8=0, 9=0, 10=0}, {0=0, 1=0, 2=0, 3=0, 4=0, 5=0, 6=0, 7=0, 8=0, 9=89, 10=0}, {0=0, 1=1158, 2=0, 3=0, 4=0, 5=0, 6=0, 7=0, 8=0, 9=0, 10=0}, {0=0, 1=8177, 2=0, 3=0, 4=0, 5=0, 6=0, 7=0, 8=0, 9=0, 10=0}, {0=456, 1=0, 2=0, 3=0, 4=0, 5=0, 6=0, 7=0, 8=0, 9=0, 10=0}, {0=0, 1=0, 2=0, 3=0, 4=0, 5=0, 6=0, 7=0, 8=0, 9=0, 10=0}, {0=0, 1=0, 2=0, 3=0, 4=0, 5=0, 6=0, 7=0, 8=0, 9=0, 10=0}, {0=0, 1=0, 2=0, 3=0, 4=0, 5=0, 6=0, 7=0, 8=0, 9=0, 10=0}, {0=0, 1=0, 2=0, 3=0, 4=0, 5=0, 6=0, 7=0, 8=0, 9=0, 10=0}, {0=0, 1=0, 2=0, 3=0, 4=0, 5=0, 6=0, 7=0, 8=0, 9=0, 10=0}, {0=0, 1=0, 2=0, 3=0, 4=0, 5=0, 6=0, 7=0, 8=0, 9=0, 10=0}]
[{0=0, 1=0, 2=0, 3=0, 4=0, 5=0, 6=0, 7=0, 8=0, 9=0, 10=0}, {0=0, 1=9880, 2=0, 3=0, 4=0, 5=0, 6=0, 7=0, 8=0, 9=0, 10=0}, {0=0, 1=0, 2=0, 3=0, 4=0, 5=0, 6=0, 7=0, 8=0, 9=0, 10=0}, {0=0, 1=0, 2=0, 3=0, 4=0, 5=0, 6=0, 7=0, 8=0, 9=0, 10=0}, {0=0, 1=0, 2=0, 3=0, 4=0, 5=0, 6=0, 7=0, 8=0, 9=0, 10=0}, {0=0, 1=0, 2=0, 3=0, 4=0, 5=0, 6=0, 7=0, 8=0, 9=0, 10=0}, {0=0, 1=0, 2=0, 3=0, 4=0, 5=0, 6=0, 7=0, 8=0, 9=0, 10=0}, {0=0, 1=0, 2=0, 3=0, 4=0, 5=0, 6=0, 7=0, 8=0, 9=0, 10=0}, {0=0, 1=0, 2=0, 3=0, 4=0, 5=0, 6=0, 7=0, 8=0, 9=0, 10=0}, {0=0, 1=0, 2=0, 3=0, 4=0, 5=0, 6=0, 7=0, 8=0, 9=0, 10=0}, {0=0, 1=0, 2=0, 3=0, 4=0, 5=0, 6=0, 7=0, 8=0, 9=0, 10=0}]
[{0=0, 1=0, 2=0, 3=0, 4=0, 5=0, 6=0, 7=0, 8=0, 9=0, 10=0}, {0=0, 1=0, 2=0, 3=0, 4=0, 5=0, 6=0, 7=0, 8=287, 9=0, 10=0}, {0=0, 1=0, 2=9593, 3=0, 4=0, 5=0, 6=0, 7=0, 8=0, 9=0, 10=0}, {0=0, 1=0, 2=0, 3=0, 4=0, 5=0, 6=0, 7=0, 8=0, 9=0, 10=0}, {0=0, 1=0, 2=0, 3=0, 4=0, 5=0, 6=0, 7=0, 8=0, 9=0, 10=0}, {0=0, 1=0, 2=0, 3=0, 4=0, 5=0, 6=0, 7=0, 8=0, 9=0, 10=0}, {0=0, 1=0, 2=0, 3=0, 4=0, 5=0, 6=0, 7=0, 8=0, 9=0, 10=0}, {0=0, 1=0, 2=0, 3=0, 4=0, 5=0, 6=0, 7=0, 8=0, 9=0, 10=0}, {0=0, 1=0, 2=0, 3=0, 4=0, 5=0, 6=0, 7=0, 8=0, 9=0, 10=0}, {0=0, 1=0, 2=0, 3=0, 4=0, 5=0, 6=0, 7=0, 8=0, 9=0, 10=0}, {0=0, 1=0, 2=0, 3=0, 4=0, 5=0, 6=0, 7=0, 8=0, 9=0, 10=0}]
[{0=0, 1=0, 2=0, 3=0, 4=0, 5=0, 6=0, 7=0, 8=0, 9=0, 10=0}, {0=0, 1=0, 2=0, 3=0, 4=0, 5=0, 6=101, 7=0, 8=0, 9=0, 10=0}, {0=0, 1=0, 2=0, 3=0, 4=0, 5=0, 6=125, 7=0, 8=0, 9=0, 10=0}, {0=0, 1=0, 2=0, 3=0, 4=8151, 5=0, 6=0, 7=0, 8=0, 9=0, 10=0}, {0=0, 1=0, 2=0, 3=1503, 4=0, 5=0, 6=0, 7=0, 8=0, 9=0, 10=0}, {0=0, 1=0, 2=0, 3=0, 4=0, 5=0, 6=0, 7=0, 8=0, 9=0, 10=0}, {0=0, 1=0, 2=0, 3=0, 4=0, 5=0, 6=0, 7=0, 8=0, 9=0, 10=0}, {0=0, 1=0, 2=0, 3=0, 4=0, 5=0, 6=0, 7=0, 8=0, 9=0, 10=0}, {0=0, 1=0, 2=0, 3=0, 4=0, 5=0, 6=0, 7=0, 8=0, 9=0, 10=0}, {0=0, 1=0, 2=0, 3=0, 4=0, 5=0, 6=0, 7=0, 8=0, 9=0, 10=0}, {0=0, 1=0, 2=0, 3=0, 4=0, 5=0, 6=0, 7=0, 8=0, 9=0, 10=0}]
[{0=0, 1=0, 2=0, 3=0, 4=0, 5=0, 6=0, 7=0, 8=0, 9=0, 10=0}, {0=0, 1=0, 2=0, 3=0, 4=0, 5=0, 6=0, 7=0, 8=0, 9=114, 10=0}, {0=0, 1=0, 2=9766, 3=0, 4=0, 5=0, 6=0, 7=0, 8=0, 9=0, 10=0}, {0=0, 1=0, 2=0, 3=0, 4=0, 5=0, 6=0, 7=0, 8=0, 9=0, 10=0}, {0=0, 1=0, 2=0, 3=0, 4=0, 5=0, 6=0, 7=0, 8=0, 9=0, 10=0}, {0=0, 1=0, 2=0, 3=0, 4=0, 5=0, 6=0, 7=0, 8=0, 9=0, 10=0}, {0=0, 1=0, 2=0, 3=0, 4=0, 5=0, 6=0, 7=0, 8=0, 9=0, 10=0}, {0=0, 1=0, 2=0, 3=0, 4=0, 5=0, 6=0, 7=0, 8=0, 9=0, 10=0}, {0=0, 1=0, 2=0, 3=0, 4=0, 5=0, 6=0, 7=0, 8=0, 9=0, 10=0}, {0=0, 1=0, 2=0, 3=0, 4=0, 5=0, 6=0, 7=0, 8=0, 9=0, 10=0}, {0=0, 1=0, 2=0, 3=0, 4=0, 5=0, 6=0, 7=0, 8=0, 9=0, 10=0}]
[{0=0, 1=0, 2=0, 3=0, 4=0, 5=0, 6=0, 7=0, 8=0, 9=0, 10=0}, {0=0, 1=0, 2=9880, 3=0, 4=0, 5=0, 6=0, 7=0, 8=0, 9=0, 10=0}, {0=0, 1=0, 2=0, 3=0, 4=0, 5=0, 6=0, 7=0, 8=0, 9=0, 10=0}, {0=0, 1=0, 2=0, 3=0, 4=0, 5=0, 6=0, 7=0, 8=0, 9=0, 10=0}, {0=0, 1=0, 2=0, 3=0, 4=0, 5=0, 6=0, 7=0, 8=0, 9=0, 10=0}, {0=0, 1=0, 2=0, 3=0, 4=0, 5=0, 6=0, 7=0, 8=0, 9=0, 10=0}, {0=0, 1=0, 2=0, 3=0, 4=0, 5=0, 6=0, 7=0, 8=0, 9=0, 10=0}, {0=0, 1=0, 2=0, 3=0, 4=0, 5=0, 6=0, 7=0, 8=0, 9=0, 10=0}, {0=0, 1=0, 2=0, 3=0, 4=0, 5=0, 6=0, 7=0, 8=0, 9=0, 10=0}, {0=0, 1=0, 2=0, 3=0, 4=0, 5=0, 6=0, 7=0, 8=0, 9=0, 10=0}, {0=0, 1=0, 2=0, 3=0, 4=0, 5=0, 6=0, 7=0, 8=0, 9=0, 10=0}]
[{0=0, 1=0, 2=0, 3=0, 4=0, 5=0, 6=0, 7=0, 8=0, 9=0, 10=0}, {0=0, 1=0, 2=0, 3=0, 4=0, 5=9847, 6=0, 7=0, 8=0, 9=0, 10=0}, {0=0, 1=0, 2=0, 3=0, 4=0, 5=0, 6=0, 7=0, 8=33, 9=0, 10=0}, {0=0, 1=0, 2=0, 3=0, 4=0, 5=0, 6=0, 7=0, 8=0, 9=0, 10=0}, {0=0, 1=0, 2=0, 3=0, 4=0, 5=0, 6=0, 7=0, 8=0, 9=0, 10=0}, {0=0, 1=0, 2=0, 3=0, 4=0, 5=0, 6=0, 7=0, 8=0, 9=0, 10=0}, {0=0, 1=0, 2=0, 3=0, 4=0, 5=0, 6=0, 7=0, 8=0, 9=0, 10=0}, {0=0, 1=0, 2=0, 3=0, 4=0, 5=0, 6=0, 7=0, 8=0, 9=0, 10=0}, {0=0, 1=0, 2=0, 3=0, 4=0, 5=0, 6=0, 7=0, 8=0, 9=0, 10=0}, {0=0, 1=0, 2=0, 3=0, 4=0, 5=0, 6=0, 7=0, 8=0, 9=0, 10=0}, {0=0, 1=0, 2=0, 3=0, 4=0, 5=0, 6=0, 7=0, 8=0, 9=0, 10=0}]
[{0=4, 1=3, 2=7, 3=2, 4=0, 5=0, 6=2, 7=1, 8=5, 9=4, 10=2}, {0=0, 1=0, 2=0, 3=0, 4=0, 5=0, 6=0, 7=0, 8=0, 9=341, 10=0}, {0=0, 1=0, 2=0, 3=0, 4=0, 5=0, 6=0, 7=0, 8=0, 9=342, 10=0}, {0=0, 1=0, 2=0, 3=0, 4=0, 5=0, 6=0, 7=0, 8=0, 9=71, 10=0}, {0=0, 1=0, 2=0, 3=0, 4=0, 5=0, 6=0, 7=0, 8=69, 9=0, 10=0}, {0=0, 1=0, 2=0, 3=0, 4=0, 5=0, 6=0, 7=0, 8=0, 9=68, 10=0}, {0=0, 1=0, 2=0, 3=0, 4=0, 5=0, 6=0, 7=0, 8=0, 9=57, 10=0}, {0=0, 1=0, 2=0, 3=0, 4=0, 5=0, 6=68, 7=0, 8=0, 9=0, 10=0}, {0=0, 1=0, 2=0, 3=0, 4=0, 5=0, 6=0, 7=0, 8=0, 9=61, 10=0}, {0=0, 1=0, 2=0, 3=0, 4=0, 5=0, 6=0, 7=0, 8=0, 9=0, 10=209}, {0=0, 1=0, 2=0, 3=1, 4=1, 5=1, 6=0, 7=0, 8=2, 9=0, 10=2}]
[{0=0, 1=0, 2=0, 3=0, 4=0, 5=0, 6=0, 7=0, 8=0, 9=0, 10=0}, {0=9879, 1=0, 2=0, 3=0, 4=0, 5=0, 6=0, 7=0, 8=0, 9=0, 10=0}, {0=0, 1=0, 2=0, 3=0, 4=0, 5=0, 6=0, 7=1, 8=0, 9=0, 10=0}, {0=0, 1=0, 2=0, 3=0, 4=0, 5=0, 6=0, 7=0, 8=0, 9=0, 10=0}, {0=0, 1=0, 2=0, 3=0, 4=0, 5=0, 6=0, 7=0, 8=0, 9=0, 10=0}, {0=0, 1=0, 2=0, 3=0, 4=0, 5=0, 6=0, 7=0, 8=0, 9=0, 10=0}, {0=0, 1=0, 2=0, 3=0, 4=0, 5=0, 6=0, 7=0, 8=0, 9=0, 10=0}, {0=0, 1=0, 2=0, 3=0, 4=0, 5=0, 6=0, 7=0, 8=0, 9=0, 10=0}, {0=0, 1=0, 2=0, 3=0, 4=0, 5=0, 6=0, 7=0, 8=0, 9=0, 10=0}, {0=0, 1=0, 2=0, 3=0, 4=0, 5=0, 6=0, 7=0, 8=0, 9=0, 10=0}, {0=0, 1=0, 2=0, 3=0, 4=0, 5=0, 6=0, 7=0, 8=0, 9=0, 10=0}]
[{0=6, 1=1, 2=1, 3=11, 4=8, 5=6, 6=7, 7=7, 8=8, 9=11, 10=2}, {0=0, 1=0, 2=0, 3=0, 4=0, 5=0, 6=0, 7=0, 8=0, 9=961, 10=0}, {0=0, 1=0, 2=0, 3=0, 4=0, 5=0, 6=0, 7=862, 8=0, 9=0, 10=0}, {0=0, 1=305, 2=0, 3=0, 4=0, 5=0, 6=0, 7=0, 8=0, 9=0, 10=0}, {0=0, 1=0, 2=0, 3=0, 4=0, 5=0, 6=0, 7=0, 8=0, 9=0, 10=182}, {0=0, 1=0, 2=0, 3=0, 4=0, 5=0, 6=0, 7=0, 8=0, 9=126, 10=0}, {0=0, 1=0, 2=0, 3=0, 4=0, 5=0, 6=0, 7=0, 8=0, 9=0, 10=137}, {0=0, 1=0, 2=0, 3=0, 4=0, 5=0, 6=0, 7=136, 8=0, 9=0, 10=0}, {0=0, 1=0, 2=0, 3=0, 4=0, 5=133, 6=0, 7=0, 8=0, 9=0, 10=0}, {0=0, 1=0, 2=0, 3=0, 4=0, 5=0, 6=0, 7=0, 8=0, 9=0, 10=547}, {0=0, 1=0, 2=0, 3=0, 4=0, 5=0, 6=0, 7=0, 8=0, 9=0, 10=0}]
[{0=27, 1=0, 2=0, 3=0, 4=0, 5=0, 6=0, 7=0, 8=0, 9=0, 10=0}, {0=0, 1=0, 2=0, 3=0, 4=0, 5=0, 6=0, 7=0, 8=252, 9=0, 10=0}, {0=0, 1=0, 2=0, 3=0, 4=0, 5=0, 6=0, 7=0, 8=0, 9=385, 10=0}, {0=0, 1=0, 2=0, 3=0, 4=0, 5=0, 6=141, 7=0, 8=0, 9=0, 10=0}, {0=0, 1=0, 2=0, 3=0, 4=0, 5=0, 6=0, 7=0, 8=51, 9=0, 10=0}, {0=0, 1=0, 2=0, 3=0, 4=0, 5=0, 6=0, 7=0, 8=0, 9=0, 10=75}, {0=0, 1=0, 2=0, 3=0, 4=0, 5=0, 6=0, 7=0, 8=0, 9=0, 10=61}, {0=0, 1=0, 2=0, 3=0, 4=0, 5=0, 6=0, 7=0, 8=0, 9=0, 10=63}, {0=0, 1=0, 2=0, 3=0, 4=0, 5=0, 6=0, 7=0, 8=0, 9=0, 10=61}, {0=0, 1=0, 2=0, 3=0, 4=0, 5=0, 6=0, 7=0, 8=0, 9=0, 10=206}, {0=0, 1=0, 2=0, 3=0, 4=0, 5=0, 6=0, 7=0, 8=0, 9=0, 10=10}]
[{0=0, 1=27, 2=0, 3=0, 4=0, 5=0, 6=0, 7=0, 8=0, 9=0, 10=0}, {0=0, 1=0, 2=0, 3=0, 4=0, 5=226, 6=0, 7=0, 8=0, 9=0, 10=0}, {0=0, 1=0, 2=0, 3=0, 4=0, 5=0, 6=0, 7=0, 8=0, 9=0, 10=446}, {0=0, 1=0, 2=0, 3=0, 4=0, 5=0, 6=0, 7=0, 8=222, 9=0, 10=0}, {0=0, 1=0, 2=0, 3=0, 4=0, 5=0, 6=0, 7=0, 8=0, 9=0, 10=89}, {0=0, 1=0, 2=0, 3=0, 4=0, 5=72, 6=0, 7=0, 8=0, 9=0, 10=0}, {0=0, 1=73, 2=0, 3=0, 4=0, 5=0, 6=0, 7=0, 8=0, 9=0, 10=0}, {0=0, 1=0, 2=0, 3=0, 4=0, 5=70, 6=0, 7=0, 8=0, 9=0, 10=0}, {0=0, 1=0, 2=0, 3=0, 4=0, 5=0, 6=0, 7=0, 8=0, 9=99, 10=0}, {0=0, 1=0, 2=0, 3=0, 4=0, 5=0, 6=0, 7=0, 8=0, 9=250, 10=0}, {0=0, 1=0, 2=0, 3=0, 4=0, 5=0, 6=0, 7=0, 8=0, 9=18, 10=0}]
[{0=0, 1=0, 2=0, 3=0, 4=0, 5=0, 6=0, 7=0, 8=0, 9=0, 10=0}, {0=0, 1=0, 2=0, 3=0, 4=0, 5=0, 6=0, 7=0, 8=0, 9=0, 10=79}, {0=0, 1=0, 2=0, 3=0, 4=0, 5=0, 6=0, 7=0, 8=38, 9=0, 10=0}, {0=0, 1=0, 2=0, 3=0, 4=0, 5=0, 6=0, 7=0, 8=0, 9=13, 10=0}, {0=0, 1=0, 2=0, 3=0, 4=0, 5=0, 6=6, 7=0, 8=0, 9=0, 10=0}, {0=0, 1=0, 2=0, 3=0, 4=0, 5=0, 6=0, 7=0, 8=0, 9=0, 10=13}, {0=0, 1=6759, 2=0, 3=0, 4=0, 5=0, 6=0, 7=0, 8=0, 9=0, 10=0}, {0=0, 1=0, 2=0, 3=0, 4=0, 5=629, 6=0, 7=0, 8=0, 9=0, 10=0}, {0=0, 1=2304, 2=0, 3=0, 4=0, 5=0, 6=0, 7=0, 8=0, 9=0, 10=0}, {0=0, 1=0, 2=0, 3=0, 4=0, 5=0, 6=0, 7=0, 8=0, 9=39, 10=0}, {0=0, 1=0, 2=0, 3=0, 4=0, 5=0, 6=0, 7=0, 8=0, 9=0, 10=0}]
[{0=0, 1=0, 2=0, 3=0, 4=0, 5=0, 6=0, 7=0, 8=0, 9=0, 10=0}, {0=0, 1=0, 2=0, 3=0, 4=9880, 5=0, 6=0, 7=0, 8=0, 9=0, 10=0}, {0=0, 1=0, 2=0, 3=0, 4=0, 5=0, 6=0, 7=0, 8=0, 9=0, 10=0}, {0=0, 1=0, 2=0, 3=0, 4=0, 5=0, 6=0, 7=0, 8=0, 9=0, 10=0}, {0=0, 1=0, 2=0, 3=0, 4=0, 5=0, 6=0, 7=0, 8=0, 9=0, 10=0}, {0=0, 1=0, 2=0, 3=0, 4=0, 5=0, 6=0, 7=0, 8=0, 9=0, 10=0}, {0=0, 1=0, 2=0, 3=0, 4=0, 5=0, 6=0, 7=0, 8=0, 9=0, 10=0}, {0=0, 1=0, 2=0, 3=0, 4=0, 5=0, 6=0, 7=0, 8=0, 9=0, 10=0}, {0=0, 1=0, 2=0, 3=0, 4=0, 5=0, 6=0, 7=0, 8=0, 9=0, 10=0}, {0=0, 1=0, 2=0, 3=0, 4=0, 5=0, 6=0, 7=0, 8=0, 9=0, 10=0}, {0=0, 1=0, 2=0, 3=0, 4=0, 5=0, 6=0, 7=0, 8=0, 9=0, 10=0}]
[{0=0, 1=0, 2=0, 3=0, 4=0, 5=0, 6=0, 7=0, 8=0, 9=0, 10=0}, {0=29, 1=0, 2=0, 3=0, 4=0, 5=0, 6=0, 7=0, 8=0, 9=0, 10=0}, {0=9851, 1=0, 2=0, 3=0, 4=0, 5=0, 6=0, 7=0, 8=0, 9=0, 10=0}, {0=0, 1=0, 2=0, 3=0, 4=0, 5=0, 6=0, 7=0, 8=0, 9=0, 10=0}, {0=0, 1=0, 2=0, 3=0, 4=0, 5=0, 6=0, 7=0, 8=0, 9=0, 10=0}, {0=0, 1=0, 2=0, 3=0, 4=0, 5=0, 6=0, 7=0, 8=0, 9=0, 10=0}, {0=0, 1=0, 2=0, 3=0, 4=0, 5=0, 6=0, 7=0, 8=0, 9=0, 10=0}, {0=0, 1=0, 2=0, 3=0, 4=0, 5=0, 6=0, 7=0, 8=0, 9=0, 10=0}, {0=0, 1=0, 2=0, 3=0, 4=0, 5=0, 6=0, 7=0, 8=0, 9=0, 10=0}, {0=0, 1=0, 2=0, 3=0, 4=0, 5=0, 6=0, 7=0, 8=0, 9=0, 10=0}, {0=0, 1=0, 2=0, 3=0, 4=0, 5=0, 6=0, 7=0, 8=0, 9=0, 10=0}]
[{0=0, 1=0, 2=0, 3=0, 4=0, 5=0, 6=0, 7=0, 8=0, 9=0, 10=0}, {0=0, 1=0, 2=0, 3=0, 4=0, 5=0, 6=0, 7=0, 8=0, 9=89, 10=0}, {0=0, 1=0, 2=0, 3=0, 4=0, 5=0, 6=0, 7=0, 8=0, 9=37, 10=0}, {0=0, 1=0, 2=0, 3=0, 4=0, 5=0, 6=0, 7=0, 8=0, 9=0, 10=13}, {0=4, 1=0, 2=0, 3=0, 4=0, 5=0, 6=0, 7=0, 8=0, 9=0, 10=0}, {0=0, 1=0, 2=0, 3=0, 4=0, 5=0, 6=0, 7=0, 8=42, 9=0, 10=0}, {0=0, 1=0, 2=0, 3=9045, 4=0, 5=0, 6=0, 7=0, 8=0, 9=0, 10=0}, {0=0, 1=0, 2=0, 3=0, 4=0, 5=0, 6=0, 7=142, 8=0, 9=0, 10=0}, {0=0, 1=0, 2=0, 3=0, 4=0, 5=0, 6=0, 7=125, 8=0, 9=0, 10=0}, {0=0, 1=0, 2=0, 3=0, 4=0, 5=0, 6=0, 7=0, 8=383, 9=0, 10=0}, {0=0, 1=0, 2=0, 3=0, 4=0, 5=0, 6=0, 7=0, 8=0, 9=0, 10=0}]
[{0=0, 1=22, 2=0, 3=0, 4=0, 5=0, 6=0, 7=0, 8=0, 9=0, 10=0}, {0=0, 1=0, 2=0, 3=0, 4=0, 5=0, 6=0, 7=0, 8=0, 9=287, 10=0}, {0=0, 1=0, 2=0, 3=0, 4=0, 5=0, 6=0, 7=0, 8=0, 9=0, 10=398}, {0=0, 1=0, 2=0, 3=0, 4=0, 5=0, 6=0, 7=0, 8=0, 9=0, 10=125}, {0=0, 1=0, 2=0, 3=0, 4=0, 5=0, 6=62, 7=0, 8=0, 9=0, 10=0}, {0=0, 1=0, 2=0, 3=0, 4=0, 5=0, 6=0, 7=0, 8=70, 9=0, 10=0}, {0=0, 1=0, 2=0, 3=0, 4=0, 5=0, 6=0, 7=71, 8=0, 9=0, 10=0}, {0=0, 1=87, 2=0, 3=0, 4=0, 5=0, 6=0, 7=0, 8=0, 9=0, 10=0}, {0=0, 1=0, 2=0, 3=0, 4=0, 5=0, 6=0, 7=0, 8=91, 9=0, 10=0}, {0=0, 1=0, 2=0, 3=0, 4=0, 5=0, 6=0, 7=0, 8=0, 9=0, 10=254}, {0=0, 1=0, 2=0, 3=0, 4=0, 5=0, 6=0, 7=0, 8=0, 9=7, 10=0}]
[{0=0, 1=0, 2=0, 3=0, 4=0, 5=0, 6=0, 7=0, 8=0, 9=0, 10=0}, {0=0, 1=0, 2=0, 3=0, 4=0, 5=0, 6=0, 7=0, 8=1057, 9=0, 10=0}, {0=0, 1=0, 2=0, 3=0, 4=0, 5=0, 6=888, 7=0, 8=0, 9=0, 10=0}, {0=0, 1=0, 2=0, 3=0, 4=0, 5=498, 6=0, 7=0, 8=0, 9=0, 10=0}, {0=0, 1=0, 2=0, 3=0, 4=0, 5=0, 6=0, 7=198, 8=0, 9=0, 10=0}, {0=0, 1=0, 2=0, 3=0, 4=0, 5=0, 6=0, 7=0, 8=0, 9=161, 10=0}, {0=0, 1=0, 2=0, 3=0, 4=0, 5=0, 6=124, 7=0, 8=0, 9=0, 10=0}, {0=0, 1=0, 2=0, 3=0, 4=0, 5=0, 6=0, 7=164, 8=0, 9=0, 10=0}, {0=0, 1=0, 2=0, 3=0, 4=0, 5=0, 6=0, 7=0, 8=0, 9=0, 10=140}, {0=0, 1=0, 2=0, 3=0, 4=0, 5=0, 6=0, 7=0, 8=0, 9=0, 10=482}, {0=0, 1=0, 2=0, 3=0, 4=0, 5=0, 6=0, 7=0, 8=0, 9=0, 10=0}]
[{0=0, 1=0, 2=0, 3=0, 4=0, 5=0, 6=0, 7=0, 8=0, 9=0, 10=0}, {0=0, 1=0, 2=0, 3=0, 4=0, 5=0, 6=0, 7=0, 8=0, 9=20, 10=0}, {0=0, 1=0, 2=9860, 3=0, 4=0, 5=0, 6=0, 7=0, 8=0, 9=0, 10=0}, {0=0, 1=0, 2=0, 3=0, 4=0, 5=0, 6=0, 7=0, 8=0, 9=0, 10=0}, {0=0, 1=0, 2=0, 3=0, 4=0, 5=0, 6=0, 7=0, 8=0, 9=0, 10=0}, {0=0, 1=0, 2=0, 3=0, 4=0, 5=0, 6=0, 7=0, 8=0, 9=0, 10=0}, {0=0, 1=0, 2=0, 3=0, 4=0, 5=0, 6=0, 7=0, 8=0, 9=0, 10=0}, {0=0, 1=0, 2=0, 3=0, 4=0, 5=0, 6=0, 7=0, 8=0, 9=0, 10=0}, {0=0, 1=0, 2=0, 3=0, 4=0, 5=0, 6=0, 7=0, 8=0, 9=0, 10=0}, {0=0, 1=0, 2=0, 3=0, 4=0, 5=0, 6=0, 7=0, 8=0, 9=0, 10=0}, {0=0, 1=0, 2=0, 3=0, 4=0, 5=0, 6=0, 7=0, 8=0, 9=0, 10=0}]
[{0=0, 1=0, 2=0, 3=0, 4=0, 5=0, 6=0, 7=0, 8=0, 9=0, 10=0}, {0=0, 1=0, 2=9880, 3=0, 4=0, 5=0, 6=0, 7=0, 8=0, 9=0, 10=0}, {0=0, 1=0, 2=0, 3=0, 4=0, 5=0, 6=0, 7=0, 8=0, 9=0, 10=0}, {0=0, 1=0, 2=0, 3=0, 4=0, 5=0, 6=0, 7=0, 8=0, 9=0, 10=0}, {0=0, 1=0, 2=0, 3=0, 4=0, 5=0, 6=0, 7=0, 8=0, 9=0, 10=0}, {0=0, 1=0, 2=0, 3=0, 4=0, 5=0, 6=0, 7=0, 8=0, 9=0, 10=0}, {0=0, 1=0, 2=0, 3=0, 4=0, 5=0, 6=0, 7=0, 8=0, 9=0, 10=0}, {0=0, 1=0, 2=0, 3=0, 4=0, 5=0, 6=0, 7=0, 8=0, 9=0, 10=0}, {0=0, 1=0, 2=0, 3=0, 4=0, 5=0, 6=0, 7=0, 8=0, 9=0, 10=0}, {0=0, 1=0, 2=0, 3=0, 4=0, 5=0, 6=0, 7=0, 8=0, 9=0, 10=0}, {0=0, 1=0, 2=0, 3=0, 4=0, 5=0, 6=0, 7=0, 8=0, 9=0, 10=0}]
[{0=0, 1=0, 2=0, 3=0, 4=0, 5=0, 6=0, 7=0, 8=0, 9=0, 10=0}, {0=0, 1=0, 2=0, 3=0, 4=0, 5=0, 6=0, 7=0, 8=0, 9=0, 10=71}, {0=0, 1=0, 2=0, 3=9809, 4=0, 5=0, 6=0, 7=0, 8=0, 9=0, 10=0}, {0=0, 1=0, 2=0, 3=0, 4=0, 5=0, 6=0, 7=0, 8=0, 9=0, 10=0}, {0=0, 1=0, 2=0, 3=0, 4=0, 5=0, 6=0, 7=0, 8=0, 9=0, 10=0}, {0=0, 1=0, 2=0, 3=0, 4=0, 5=0, 6=0, 7=0, 8=0, 9=0, 10=0}, {0=0, 1=0, 2=0, 3=0, 4=0, 5=0, 6=0, 7=0, 8=0, 9=0, 10=0}, {0=0, 1=0, 2=0, 3=0, 4=0, 5=0, 6=0, 7=0, 8=0, 9=0, 10=0}, {0=0, 1=0, 2=0, 3=0, 4=0, 5=0, 6=0, 7=0, 8=0, 9=0, 10=0}, {0=0, 1=0, 2=0, 3=0, 4=0, 5=0, 6=0, 7=0, 8=0, 9=0, 10=0}, {0=0, 1=0, 2=0, 3=0, 4=0, 5=0, 6=0, 7=0, 8=0, 9=0, 10=0}]
[{0=0, 1=0, 2=0, 3=0, 4=0, 5=0, 6=0, 7=0, 8=0, 9=0, 10=0}, {0=6933, 1=0, 2=0, 3=0, 4=0, 5=0, 6=0, 7=0, 8=0, 9=0, 10=0}, {0=0, 1=0, 2=0, 3=2947, 4=0, 5=0, 6=0, 7=0, 8=0, 9=0, 10=0}, {0=0, 1=0, 2=0, 3=0, 4=0, 5=0, 6=0, 7=0, 8=0, 9=0, 10=0}, {0=0, 1=0, 2=0, 3=0, 4=0, 5=0, 6=0, 7=0, 8=0, 9=0, 10=0}, {0=0, 1=0, 2=0, 3=0, 4=0, 5=0, 6=0, 7=0, 8=0, 9=0, 10=0}, {0=0, 1=0, 2=0, 3=0, 4=0, 5=0, 6=0, 7=0, 8=0, 9=0, 10=0}, {0=0, 1=0, 2=0, 3=0, 4=0, 5=0, 6=0, 7=0, 8=0, 9=0, 10=0}, {0=0, 1=0, 2=0, 3=0, 4=0, 5=0, 6=0, 7=0, 8=0, 9=0, 10=0}, {0=0, 1=0, 2=0, 3=0, 4=0, 5=0, 6=0, 7=0, 8=0, 9=0, 10=0}, {0=0, 1=0, 2=0, 3=0, 4=0, 5=0, 6=0, 7=0, 8=0, 9=0, 10=0}]
[{0=0, 1=0, 2=0, 3=0, 4=0, 5=0, 6=0, 7=0, 8=23, 9=0, 10=0}, {0=0, 1=0, 2=0, 3=0, 4=0, 5=0, 6=0, 7=323, 8=0, 9=0, 10=0}, {0=0, 1=0, 2=0, 3=0, 4=0, 5=0, 6=0, 7=0, 8=0, 9=0, 10=426}, {0=0, 1=0, 2=0, 3=0, 4=0, 5=0, 6=0, 7=0, 8=0, 9=126, 10=0}, {0=0, 1=0, 2=0, 3=0, 4=0, 5=0, 6=73, 7=0, 8=0, 9=0, 10=0}, {0=0, 1=0, 2=0, 3=0, 4=0, 5=0, 6=0, 7=0, 8=0, 9=58, 10=0}, {0=0, 1=0, 2=0, 3=0, 4=0, 5=0, 6=0, 7=0, 8=0, 9=0, 10=69}, {0=0, 1=0, 2=0, 3=0, 4=0, 5=0, 6=68, 7=0, 8=0, 9=0, 10=0}, {0=0, 1=0, 2=0, 3=0, 4=0, 5=0, 6=0, 7=72, 8=0, 9=0, 10=0}, {0=0, 1=0, 2=0, 3=0, 4=0, 5=0, 6=0, 7=0, 8=0, 9=0, 10=241}, {0=0, 1=0, 2=0, 3=0, 4=0, 5=0, 6=0, 7=0, 8=6, 9=0, 10=0}]
[{0=0, 1=0, 2=0, 3=0, 4=0, 5=0, 6=0, 7=0, 8=0, 9=0, 10=0}, {0=0, 1=0, 2=0, 3=0, 4=0, 5=9863, 6=0, 7=0, 8=0, 9=0, 10=0}, {0=0, 1=0, 2=0, 3=0, 4=0, 5=0, 6=0, 7=0, 8=0, 9=0, 10=17}, {0=0, 1=0, 2=0, 3=0, 4=0, 5=0, 6=0, 7=0, 8=0, 9=0, 10=0}, {0=0, 1=0, 2=0, 3=0, 4=0, 5=0, 6=0, 7=0, 8=0, 9=0, 10=0}, {0=0, 1=0, 2=0, 3=0, 4=0, 5=0, 6=0, 7=0, 8=0, 9=0, 10=0}, {0=0, 1=0, 2=0, 3=0, 4=0, 5=0, 6=0, 7=0, 8=0, 9=0, 10=0}, {0=0, 1=0, 2=0, 3=0, 4=0, 5=0, 6=0, 7=0, 8=0, 9=0, 10=0}, {0=0, 1=0, 2=0, 3=0, 4=0, 5=0, 6=0, 7=0, 8=0, 9=0, 10=0}, {0=0, 1=0, 2=0, 3=0, 4=0, 5=0, 6=0, 7=0, 8=0, 9=0, 10=0}, {0=0, 1=0, 2=0, 3=0, 4=0, 5=0, 6=0, 7=0, 8=0, 9=0, 10=0}]
[{0=0, 1=0, 2=0, 3=0, 4=0, 5=0, 6=0, 7=0, 8=0, 9=0, 10=0}, {0=0, 1=0, 2=0, 3=9880, 4=0, 5=0, 6=0, 7=0, 8=0, 9=0, 10=0}, {0=0, 1=0, 2=0, 3=0, 4=0, 5=0, 6=0, 7=0, 8=0, 9=0, 10=0}, {0=0, 1=0, 2=0, 3=0, 4=0, 5=0, 6=0, 7=0, 8=0, 9=0, 10=0}, {0=0, 1=0, 2=0, 3=0, 4=0, 5=0, 6=0, 7=0, 8=0, 9=0, 10=0}, {0=0, 1=0, 2=0, 3=0, 4=0, 5=0, 6=0, 7=0, 8=0, 9=0, 10=0}, {0=0, 1=0, 2=0, 3=0, 4=0, 5=0, 6=0, 7=0, 8=0, 9=0, 10=0}, {0=0, 1=0, 2=0, 3=0, 4=0, 5=0, 6=0, 7=0, 8=0, 9=0, 10=0}, {0=0, 1=0, 2=0, 3=0, 4=0, 5=0, 6=0, 7=0, 8=0, 9=0, 10=0}, {0=0, 1=0, 2=0, 3=0, 4=0, 5=0, 6=0, 7=0, 8=0, 9=0, 10=0}, {0=0, 1=0, 2=0, 3=0, 4=0, 5=0, 6=0, 7=0, 8=0, 9=0, 10=0}]
[{0=0, 1=0, 2=0, 3=0, 4=0, 5=0, 6=0, 7=0, 8=0, 9=0, 10=0}, {0=0, 1=0, 2=0, 3=0, 4=0, 5=0, 6=1300, 7=0, 8=0, 9=0, 10=0}, {0=0, 1=0, 2=0, 3=0, 4=0, 5=0, 6=0, 7=0, 8=1020, 9=0, 10=0}, {0=0, 1=0, 2=0, 3=0, 4=0, 5=391, 6=0, 7=0, 8=0, 9=0, 10=0}, {0=0, 1=0, 2=0, 3=0, 4=0, 5=0, 6=189, 7=0, 8=0, 9=0, 10=0}, {0=0, 1=0, 2=0, 3=0, 4=0, 5=0, 6=0, 7=0, 8=0, 9=0, 10=188}, {0=0, 1=0, 2=0, 3=0, 4=0, 5=166, 6=0, 7=0, 8=0, 9=0, 10=0}, {0=0, 1=0, 2=0, 3=0, 4=0, 5=197, 6=0, 7=0, 8=0, 9=0, 10=0}, {0=0, 1=0, 2=0, 3=0, 4=0, 5=0, 6=0, 7=0, 8=0, 9=0, 10=225}, {0=0, 1=0, 2=0, 3=0, 4=0, 5=0, 6=0, 7=861, 8=0, 9=0, 10=0}, {0=0, 1=0, 2=0, 3=0, 4=0, 5=0, 6=0, 7=0, 8=0, 9=0, 10=0}]
[{0=0, 1=0, 2=0, 3=0, 4=0, 5=0, 6=0, 7=366, 8=0, 9=0, 10=0}, {0=0, 1=0, 2=0, 3=0, 4=9514, 5=0, 6=0, 7=0, 8=0, 9=0, 10=0}, {0=0, 1=0, 2=0, 3=0, 4=0, 5=0, 6=0, 7=0, 8=0, 9=0, 10=0}, {0=0, 1=0, 2=0, 3=0, 4=0, 5=0, 6=0, 7=0, 8=0, 9=0, 10=0}, {0=0, 1=0, 2=0, 3=0, 4=0, 5=0, 6=0, 7=0, 8=0, 9=0, 10=0}, {0=0, 1=0, 2=0, 3=0, 4=0, 5=0, 6=0, 7=0, 8=0, 9=0, 10=0}, {0=0, 1=0, 2=0, 3=0, 4=0, 5=0, 6=0, 7=0, 8=0, 9=0, 10=0}, {0=0, 1=0, 2=0, 3=0, 4=0, 5=0, 6=0, 7=0, 8=0, 9=0, 10=0}, {0=0, 1=0, 2=0, 3=0, 4=0, 5=0, 6=0, 7=0, 8=0, 9=0, 10=0}, {0=0, 1=0, 2=0, 3=0, 4=0, 5=0, 6=0, 7=0, 8=0, 9=0, 10=0}, {0=0, 1=0, 2=0, 3=0, 4=0, 5=0, 6=0, 7=0, 8=0, 9=0, 10=0}]
[{0=0, 1=0, 2=0, 3=0, 4=0, 5=0, 6=0, 7=0, 8=0, 9=0, 10=0}, {0=0, 1=0, 2=9880, 3=0, 4=0, 5=0, 6=0, 7=0, 8=0, 9=0, 10=0}, {0=0, 1=0, 2=0, 3=0, 4=0, 5=0, 6=0, 7=0, 8=0, 9=0, 10=0}, {0=0, 1=0, 2=0, 3=0, 4=0, 5=0, 6=0, 7=0, 8=0, 9=0, 10=0}, {0=0, 1=0, 2=0, 3=0, 4=0, 5=0, 6=0, 7=0, 8=0, 9=0, 10=0}, {0=0, 1=0, 2=0, 3=0, 4=0, 5=0, 6=0, 7=0, 8=0, 9=0, 10=0}, {0=0, 1=0, 2=0, 3=0, 4=0, 5=0, 6=0, 7=0, 8=0, 9=0, 10=0}, {0=0, 1=0, 2=0, 3=0, 4=0, 5=0, 6=0, 7=0, 8=0, 9=0, 10=0}, {0=0, 1=0, 2=0, 3=0, 4=0, 5=0, 6=0, 7=0, 8=0, 9=0, 10=0}, {0=0, 1=0, 2=0, 3=0, 4=0, 5=0, 6=0, 7=0, 8=0, 9=0, 10=0}, {0=0, 1=0, 2=0, 3=0, 4=0, 5=0, 6=0, 7=0, 8=0, 9=0, 10=0}]
[{0=0, 1=0, 2=0, 3=0, 4=0, 5=0, 6=0, 7=119, 8=0, 9=0, 10=0}, {0=0, 1=0, 2=0, 3=0, 4=0, 5=0, 6=0, 7=0, 8=0, 9=446, 10=0}, {0=0, 1=0, 2=0, 3=0, 4=0, 5=0, 6=0, 7=0, 8=654, 9=0, 10=0}, {0=0, 1=0, 2=0, 3=0, 4=0, 5=238, 6=0, 7=0, 8=0, 9=0, 10=0}, {0=0, 1=0, 2=0, 3=0, 4=0, 5=0, 6=122, 7=0, 8=0, 9=0, 10=0}, {0=0, 1=0, 2=0, 3=0, 4=0, 5=0, 6=0, 7=0, 8=0, 9=0, 10=77}, {0=0, 1=85, 2=0, 3=0, 4=0, 5=0, 6=0, 7=0, 8=0, 9=0, 10=0}, {0=0, 1=93, 2=0, 3=0, 4=0, 5=0, 6=0, 7=0, 8=0, 9=0, 10=0}, {0=0, 1=0, 2=0, 3=0, 4=0, 5=0, 6=0, 7=0, 8=0, 9=0, 10=91}, {0=0, 1=0, 2=0, 3=0, 4=0, 5=0, 6=0, 7=0, 8=0, 9=0, 10=267}, {0=0, 1=0, 2=0, 3=0, 4=0, 5=0, 6=26, 7=0, 8=0, 9=0, 10=0}]
[{0=0, 1=0, 2=0, 3=22, 4=0, 5=0, 6=0, 7=0, 8=0, 9=0, 10=0}, {0=0, 1=0, 2=0, 3=0, 4=0, 5=0, 6=0, 7=0, 8=0, 9=232, 10=0}, {0=0, 1=0, 2=0, 3=0, 4=0, 5=0, 6=0, 7=0, 8=0, 9=0, 10=371}, {0=0, 1=0, 2=0, 3=0, 4=0, 5=204, 6=0, 7=0, 8=0, 9=0, 10=0}, {0=0, 1=0, 2=0, 3=0, 4=0, 5=0, 6=70, 7=0, 8=0, 9=0, 10=0}, {0=0, 1=0, 2=0, 3=0, 4=0, 5=0, 6=0, 7=0, 8=0, 9=67, 10=0}, {0=0, 1=0, 2=0, 3=0, 4=0, 5=0, 6=0, 7=0, 8=73, 9=0, 10=0}, {0=0, 1=0, 2=0, 3=0, 4=0, 5=0, 6=0, 7=0, 8=0, 9=0, 10=71}, {0=0, 1=0, 2=0, 3=0, 4=0, 5=0, 6=0, 7=0, 8=0, 9=0, 10=78}, {0=0, 1=0, 2=0, 3=0, 4=0, 5=0, 6=0, 7=0, 8=242, 9=0, 10=0}, {0=0, 1=8, 2=0, 3=0, 4=0, 5=0, 6=0, 7=0, 8=0, 9=0, 10=0}]
[{0=0, 1=70, 2=0, 3=0, 4=0, 5=0, 6=0, 7=0, 8=0, 9=0, 10=0}, {0=0, 1=0, 2=0, 3=0, 4=9810, 5=0, 6=0, 7=0, 8=0, 9=0, 10=0}, {0=0, 1=0, 2=0, 3=0, 4=0, 5=0, 6=0, 7=0, 8=0, 9=0, 10=0}, {0=0, 1=0, 2=0, 3=0, 4=0, 5=0, 6=0, 7=0, 8=0, 9=0, 10=0}, {0=0, 1=0, 2=0, 3=0, 4=0, 5=0, 6=0, 7=0, 8=0, 9=0, 10=0}, {0=0, 1=0, 2=0, 3=0, 4=0, 5=0, 6=0, 7=0, 8=0, 9=0, 10=0}, {0=0, 1=0, 2=0, 3=0, 4=0, 5=0, 6=0, 7=0, 8=0, 9=0, 10=0}, {0=0, 1=0, 2=0, 3=0, 4=0, 5=0, 6=0, 7=0, 8=0, 9=0, 10=0}, {0=0, 1=0, 2=0, 3=0, 4=0, 5=0, 6=0, 7=0, 8=0, 9=0, 10=0}, {0=0, 1=0, 2=0, 3=0, 4=0, 5=0, 6=0, 7=0, 8=0, 9=0, 10=0}, {0=0, 1=0, 2=0, 3=0, 4=0, 5=0, 6=0, 7=0, 8=0, 9=0, 10=0}]
[{0=0, 1=0, 2=0, 3=0, 4=0, 5=0, 6=0, 7=0, 8=0, 9=0, 10=0}, {0=0, 1=0, 2=0, 3=0, 4=0, 5=0, 6=0, 7=0, 8=0, 9=0, 10=52}, {0=0, 1=0, 2=0, 3=0, 4=0, 5=0, 6=0, 7=0, 8=0, 9=36, 10=0}, {0=8191, 1=0, 2=0, 3=0, 4=0, 5=0, 6=0, 7=0, 8=0, 9=0, 10=0}, {0=0, 1=0, 2=285, 3=0, 4=0, 5=0, 6=0, 7=0, 8=0, 9=0, 10=0}, {0=0, 1=0, 2=0, 3=0, 4=0, 5=0, 6=0, 7=0, 8=0, 9=0, 10=76}, {0=0, 1=75, 2=0, 3=0, 4=0, 5=0, 6=0, 7=0, 8=0, 9=0, 10=0}, {0=0, 1=0, 2=0, 3=0, 4=0, 5=0, 6=0, 7=84, 8=0, 9=0, 10=0}, {0=0, 1=0, 2=0, 3=0, 4=0, 5=0, 6=0, 7=0, 8=0, 9=93, 10=0}, {0=0, 1=0, 2=0, 3=0, 4=0, 5=0, 6=0, 7=0, 8=0, 9=264, 10=0}, {0=0, 1=0, 2=0, 3=0, 4=0, 5=724, 6=0, 7=0, 8=0, 9=0, 10=0}]
[{0=0, 1=0, 2=0, 3=0, 4=0, 5=0, 6=0, 7=0, 8=0, 9=0, 10=0}, {0=0, 1=0, 2=0, 3=0, 4=0, 5=0, 6=0, 7=88, 8=0, 9=0, 10=0}, {0=0, 1=9792, 2=0, 3=0, 4=0, 5=0, 6=0, 7=0, 8=0, 9=0, 10=0}, {0=0, 1=0, 2=0, 3=0, 4=0, 5=0, 6=0, 7=0, 8=0, 9=0, 10=0}, {0=0, 1=0, 2=0, 3=0, 4=0, 5=0, 6=0, 7=0, 8=0, 9=0, 10=0}, {0=0, 1=0, 2=0, 3=0, 4=0, 5=0, 6=0, 7=0, 8=0, 9=0, 10=0}, {0=0, 1=0, 2=0, 3=0, 4=0, 5=0, 6=0, 7=0, 8=0, 9=0, 10=0}, {0=0, 1=0, 2=0, 3=0, 4=0, 5=0, 6=0, 7=0, 8=0, 9=0, 10=0}, {0=0, 1=0, 2=0, 3=0, 4=0, 5=0, 6=0, 7=0, 8=0, 9=0, 10=0}, {0=0, 1=0, 2=0, 3=0, 4=0, 5=0, 6=0, 7=0, 8=0, 9=0, 10=0}, {0=0, 1=0, 2=0, 3=0, 4=0, 5=0, 6=0, 7=0, 8=0, 9=0, 10=0}]
[{0=0, 1=0, 2=0, 3=0, 4=4802, 5=0, 6=0, 7=0, 8=0, 9=0, 10=0}, {0=0, 1=0, 2=0, 3=0, 4=5078, 5=0, 6=0, 7=0, 8=0, 9=0, 10=0}, {0=0, 1=0, 2=0, 3=0, 4=0, 5=0, 6=0, 7=0, 8=0, 9=0, 10=0}, {0=0, 1=0, 2=0, 3=0, 4=0, 5=0, 6=0, 7=0, 8=0, 9=0, 10=0}, {0=0, 1=0, 2=0, 3=0, 4=0, 5=0, 6=0, 7=0, 8=0, 9=0, 10=0}, {0=0, 1=0, 2=0, 3=0, 4=0, 5=0, 6=0, 7=0, 8=0, 9=0, 10=0}, {0=0, 1=0, 2=0, 3=0, 4=0, 5=0, 6=0, 7=0, 8=0, 9=0, 10=0}, {0=0, 1=0, 2=0, 3=0, 4=0, 5=0, 6=0, 7=0, 8=0, 9=0, 10=0}, {0=0, 1=0, 2=0, 3=0, 4=0, 5=0, 6=0, 7=0, 8=0, 9=0, 10=0}, {0=0, 1=0, 2=0, 3=0, 4=0, 5=0, 6=0, 7=0, 8=0, 9=0, 10=0}, {0=0, 1=0, 2=0, 3=0, 4=0, 5=0, 6=0, 7=0, 8=0, 9=0, 10=0}]
[{0=0, 1=0, 2=0, 3=26, 4=0, 5=0, 6=0, 7=0, 8=0, 9=0, 10=0}, {0=0, 1=0, 2=0, 3=0, 4=0, 5=0, 6=319, 7=0, 8=0, 9=0, 10=0}, {0=0, 1=0, 2=0, 3=0, 4=0, 5=0, 6=0, 7=0, 8=0, 9=479, 10=0}, {0=0, 1=0, 2=0, 3=0, 4=0, 5=0, 6=0, 7=175, 8=0, 9=0, 10=0}, {0=0, 1=0, 2=0, 3=0, 4=0, 5=0, 6=0, 7=0, 8=61, 9=0, 10=0}, {0=0, 1=0, 2=0, 3=0, 4=0, 5=0, 6=0, 7=0, 8=0, 9=0, 10=58}, {0=0, 1=0, 2=0, 3=0, 4=0, 5=0, 6=0, 7=71, 8=0, 9=0, 10=0}, {0=0, 1=0, 2=0, 3=0, 4=0, 5=66, 6=0, 7=0, 8=0, 9=0, 10=0}, {0=0, 1=0, 2=0, 3=0, 4=0, 5=0, 6=0, 7=0, 8=0, 9=0, 10=73}, {0=0, 1=0, 2=0, 3=0, 4=0, 5=0, 6=0, 7=0, 8=0, 9=0, 10=233}, {0=11, 1=0, 2=0, 3=0, 4=0, 5=0, 6=0, 7=0, 8=0, 9=0, 10=0}]
[{0=0, 1=0, 2=0, 3=0, 4=0, 5=20, 6=0, 7=0, 8=0, 9=0, 10=0}, {0=0, 1=0, 2=0, 3=0, 4=0, 5=0, 6=0, 7=314, 8=0, 9=0, 10=0}, {0=0, 1=0, 2=0, 3=0, 4=0, 5=0, 6=0, 7=0, 8=0, 9=0, 10=421}, {0=0, 1=0, 2=0, 3=0, 4=0, 5=0, 6=0, 7=0, 8=0, 9=0, 10=188}, {0=0, 1=0, 2=0, 3=0, 4=0, 5=64, 6=0, 7=0, 8=0, 9=0, 10=0}, {0=0, 1=0, 2=0, 3=0, 4=0, 5=0, 6=0, 7=0, 8=72, 9=0, 10=0}, {0=0, 1=0, 2=0, 3=0, 4=0, 5=0, 6=0, 7=58, 8=0, 9=0, 10=0}, {0=0, 1=0, 2=0, 3=0, 4=0, 5=93, 6=0, 7=0, 8=0, 9=0, 10=0}, {0=0, 1=0, 2=0, 3=0, 4=0, 5=0, 6=0, 7=0, 8=79, 9=0, 10=0}, {0=0, 1=0, 2=0, 3=0, 4=0, 5=0, 6=0, 7=0, 8=0, 9=266, 10=0}, {0=0, 1=0, 2=0, 3=0, 4=0, 5=0, 6=0, 7=0, 8=0, 9=7, 10=0}]
[{0=0, 1=0, 2=0, 3=0, 4=0, 5=0, 6=0, 7=0, 8=0, 9=0, 10=0}, {0=0, 1=0, 2=0, 3=0, 4=0, 5=0, 6=0, 7=0, 8=1041, 9=0, 10=0}, {0=0, 1=0, 2=0, 3=0, 4=0, 5=0, 6=0, 7=868, 8=0, 9=0, 10=0}, {0=0, 1=0, 2=0, 3=0, 4=0, 5=0, 6=0, 7=383, 8=0, 9=0, 10=0}, {0=0, 1=0, 2=0, 3=0, 4=0, 5=0, 6=0, 7=0, 8=0, 9=0, 10=202}, {0=0, 1=0, 2=0, 3=0, 4=0, 5=0, 6=0, 7=0, 8=0, 9=0, 10=184}, {0=0, 1=0, 2=0, 3=0, 4=0, 5=0, 6=0, 7=184, 8=0, 9=0, 10=0}, {0=177, 1=0, 2=0, 3=0, 4=0, 5=0, 6=0, 7=0, 8=0, 9=0, 10=0}, {0=0, 1=0, 2=0, 3=0, 4=0, 5=0, 6=0, 7=0, 8=0, 9=0, 10=199}, {0=0, 1=0, 2=0, 3=0, 4=0, 5=0, 6=0, 7=801, 8=0, 9=0, 10=0}, {0=0, 1=0, 2=0, 3=0, 4=0, 5=0, 6=0, 7=0, 8=0, 9=0, 10=0}]
[{0=0, 1=0, 2=0, 3=0, 4=0, 5=0, 6=0, 7=0, 8=0, 9=0, 10=0}, {0=0, 1=0, 2=0, 3=0, 4=0, 5=0, 6=0, 7=0, 8=1046, 9=0, 10=0}, {0=0, 1=0, 2=0, 3=0, 4=0, 5=0, 6=0, 7=0, 8=890, 9=0, 10=0}, {0=428, 1=0, 2=0, 3=0, 4=0, 5=0, 6=0, 7=0, 8=0, 9=0, 10=0}, {0=0, 1=0, 2=0, 3=0, 4=0, 5=0, 6=0, 7=0, 8=0, 9=0, 10=202}, {0=0, 1=0, 2=0, 3=0, 4=0, 5=0, 6=0, 7=0, 8=0, 9=0, 10=144}, {0=0, 1=0, 2=0, 3=0, 4=0, 5=0, 6=0, 7=167, 8=0, 9=0, 10=0}, {0=132, 1=0, 2=0, 3=0, 4=0, 5=0, 6=0, 7=0, 8=0, 9=0, 10=0}, {0=0, 1=0, 2=0, 3=0, 4=0, 5=0, 6=0, 7=0, 8=0, 9=0, 10=121}, {0=0, 1=0, 2=0, 3=0, 4=0, 5=0, 6=0, 7=0, 8=0, 9=0, 10=508}, {0=0, 1=0, 2=0, 3=0, 4=0, 5=0, 6=0, 7=0, 8=0, 9=0, 10=0}]
[{0=0, 1=24, 2=0, 3=0, 4=0, 5=0, 6=0, 7=0, 8=0, 9=0, 10=0}, {0=0, 1=0, 2=0, 3=0, 4=0, 5=0, 6=0, 7=0, 8=240, 9=0, 10=0}, {0=0, 1=0, 2=0, 3=0, 4=0, 5=0, 6=0, 7=0, 8=0, 9=408, 10=0}, {0=0, 1=0, 2=0, 3=0, 4=0, 5=0, 6=0, 7=0, 8=0, 9=157, 10=0}, {0=0, 1=0, 2=0, 3=0, 4=0, 5=0, 6=0, 7=0, 8=0, 9=0, 10=65}, {0=0, 1=0, 2=0, 3=0, 4=0, 5=0, 6=0, 7=0, 8=0, 9=0, 10=84}, {0=0, 1=0, 2=0, 3=0, 4=0, 5=0, 6=0, 7=68, 8=0, 9=0, 10=0}, {0=0, 1=0, 2=0, 3=0, 4=0, 5=0, 6=102, 7=0, 8=0, 9=0, 10=0}, {0=0, 1=0, 2=0, 3=0, 4=0, 5=0, 6=0, 7=0, 8=0, 9=0, 10=87}, {0=0, 1=0, 2=0, 3=0, 4=0, 5=0, 6=0, 7=0, 8=266, 9=0, 10=0}, {0=0, 1=8, 2=0, 3=0, 4=0, 5=0, 6=0, 7=0, 8=0, 9=0, 10=0}]
[{0=0, 1=0, 2=0, 3=0, 4=18, 5=0, 6=0, 7=0, 8=0, 9=0, 10=0}, {0=0, 1=0, 2=0, 3=0, 4=0, 5=0, 6=0, 7=0, 8=204, 9=0, 10=0}, {0=0, 1=0, 2=0, 3=0, 4=0, 5=0, 6=0, 7=0, 8=0, 9=0, 10=420}, {0=0, 1=0, 2=0, 3=0, 4=0, 5=0, 6=0, 7=0, 8=0, 9=145, 10=0}, {0=0, 1=0, 2=0, 3=0, 4=0, 5=73, 6=0, 7=0, 8=0, 9=0, 10=0}, {0=0, 1=0, 2=0, 3=0, 4=0, 5=0, 6=0, 7=0, 8=0, 9=0, 10=60}, {0=0, 1=0, 2=0, 3=0, 4=0, 5=0, 6=0, 7=73, 8=0, 9=0, 10=0}, {0=0, 1=0, 2=0, 3=0, 4=0, 5=0, 6=77, 7=0, 8=0, 9=0, 10=0}, {0=0, 1=0, 2=0, 3=0, 4=0, 5=0, 6=0, 7=0, 8=0, 9=0, 10=75}, {0=0, 1=0, 2=0, 3=0, 4=0, 5=0, 6=0, 7=0, 8=0, 9=231, 10=0}, {0=0, 1=0, 2=0, 3=0, 4=0, 5=0, 6=0, 7=0, 8=0, 9=6, 10=0}]
[{0=0, 1=0, 2=0, 3=0, 4=0, 5=0, 6=0, 7=0, 8=0, 9=0, 10=32}, {0=0, 1=0, 2=0, 3=0, 4=0, 5=0, 6=0, 7=0, 8=285, 9=0, 10=0}, {0=0, 1=0, 2=0, 3=0, 4=0, 5=0, 6=0, 7=0, 8=502, 9=0, 10=0}, {0=0, 1=0, 2=0, 3=0, 4=0, 5=0, 6=0, 7=0, 8=0, 9=233, 10=0}, {0=0, 1=0, 2=0, 3=0, 4=0, 5=54, 6=0, 7=0, 8=0, 9=0, 10=0}, {0=0, 1=0, 2=0, 3=0, 4=0, 5=0, 6=0, 7=0, 8=0, 9=0, 10=83}, {0=0, 1=0, 2=0, 3=0, 4=0, 5=0, 6=0, 7=65, 8=0, 9=0, 10=0}, {0=0, 1=0, 2=0, 3=0, 4=0, 5=0, 6=96, 7=0, 8=0, 9=0, 10=0}, {0=0, 1=0, 2=0, 3=0, 4=0, 5=0, 6=0, 7=0, 8=0, 9=0, 10=122}, {0=0, 1=0, 2=0, 3=0, 4=0, 5=0, 6=0, 7=314, 8=0, 9=0, 10=0}, {0=0, 1=0, 2=0, 3=0, 4=0, 5=10, 6=0, 7=0, 8=0, 9=0, 10=0}]
[{0=0, 1=0, 2=0, 3=0, 4=0, 5=0, 6=0, 7=0, 8=0, 9=0, 10=0}, {0=0, 1=9866, 2=0, 3=0, 4=0, 5=0, 6=0, 7=0, 8=0, 9=0, 10=0}, {0=0, 1=0, 2=0, 3=0, 4=0, 5=0, 6=0, 7=0, 8=0, 9=0, 10=14}, {0=0, 1=0, 2=0, 3=0, 4=0, 5=0, 6=0, 7=0, 8=0, 9=0, 10=0}, {0=0, 1=0, 2=0, 3=0, 4=0, 5=0, 6=0, 7=0, 8=0, 9=0, 10=0}, {0=0, 1=0, 2=0, 3=0, 4=0, 5=0, 6=0, 7=0, 8=0, 9=0, 10=0}, {0=0, 1=0, 2=0, 3=0, 4=0, 5=0, 6=0, 7=0, 8=0, 9=0, 10=0}, {0=0, 1=0, 2=0, 3=0, 4=0, 5=0, 6=0, 7=0, 8=0, 9=0, 10=0}, {0=0, 1=0, 2=0, 3=0, 4=0, 5=0, 6=0, 7=0, 8=0, 9=0, 10=0}, {0=0, 1=0, 2=0, 3=0, 4=0, 5=0, 6=0, 7=0, 8=0, 9=0, 10=0}, {0=0, 1=0, 2=0, 3=0, 4=0, 5=0, 6=0, 7=0, 8=0, 9=0, 10=0}]
[{0=0, 1=0, 2=0, 3=0, 4=0, 5=0, 6=0, 7=0, 8=0, 9=0, 10=0}, {0=0, 1=0, 2=9880, 3=0, 4=0, 5=0, 6=0, 7=0, 8=0, 9=0, 10=0}, {0=0, 1=0, 2=0, 3=0, 4=0, 5=0, 6=0, 7=0, 8=0, 9=0, 10=0}, {0=0, 1=0, 2=0, 3=0, 4=0, 5=0, 6=0, 7=0, 8=0, 9=0, 10=0}, {0=0, 1=0, 2=0, 3=0, 4=0, 5=0, 6=0, 7=0, 8=0, 9=0, 10=0}, {0=0, 1=0, 2=0, 3=0, 4=0, 5=0, 6=0, 7=0, 8=0, 9=0, 10=0}, {0=0, 1=0, 2=0, 3=0, 4=0, 5=0, 6=0, 7=0, 8=0, 9=0, 10=0}, {0=0, 1=0, 2=0, 3=0, 4=0, 5=0, 6=0, 7=0, 8=0, 9=0, 10=0}, {0=0, 1=0, 2=0, 3=0, 4=0, 5=0, 6=0, 7=0, 8=0, 9=0, 10=0}, {0=0, 1=0, 2=0, 3=0, 4=0, 5=0, 6=0, 7=0, 8=0, 9=0, 10=0}, {0=0, 1=0, 2=0, 3=0, 4=0, 5=0, 6=0, 7=0, 8=0, 9=0, 10=0}]
[{0=0, 1=0, 2=0, 3=0, 4=0, 5=0, 6=0, 7=0, 8=158, 9=0, 10=0}, {0=0, 1=0, 2=0, 3=0, 4=0, 5=0, 6=0, 7=0, 8=709, 9=0, 10=0}, {0=0, 1=0, 2=0, 3=0, 4=0, 5=0, 6=662, 7=0, 8=0, 9=0, 10=0}, {0=0, 1=0, 2=0, 3=0, 4=0, 5=0, 6=0, 7=0, 8=0, 9=362, 10=0}, {0=0, 1=0, 2=0, 3=0, 4=0, 5=0, 6=0, 7=0, 8=207, 9=0, 10=0}, {0=0, 1=0, 2=0, 3=0, 4=0, 5=144, 6=0, 7=0, 8=0, 9=0, 10=0}, {0=0, 1=0, 2=0, 3=0, 4=0, 5=0, 6=0, 7=0, 8=0, 9=144, 10=0}, {0=0, 1=0, 2=0, 3=0, 4=0, 5=0, 6=133, 7=0, 8=0, 9=0, 10=0}, {0=0, 1=0, 2=0, 3=0, 4=0, 5=0, 6=0, 7=0, 8=0, 9=151, 10=0}, {0=0, 1=0, 2=0, 3=0, 4=0, 5=0, 6=0, 7=0, 8=0, 9=490, 10=0}, {0=0, 1=0, 2=0, 3=0, 4=0, 5=0, 6=0, 7=0, 8=0, 9=0, 10=0}]
[{0=0, 1=0, 2=0, 3=0, 4=0, 5=0, 6=0, 7=0, 8=0, 9=0, 10=0}, {0=0, 1=0, 2=0, 3=9858, 4=0, 5=0, 6=0, 7=0, 8=0, 9=0, 10=0}, {0=0, 1=0, 2=0, 3=0, 4=0, 5=0, 6=0, 7=0, 8=22, 9=0, 10=0}, {0=0, 1=0, 2=0, 3=0, 4=0, 5=0, 6=0, 7=0, 8=0, 9=0, 10=0}, {0=0, 1=0, 2=0, 3=0, 4=0, 5=0, 6=0, 7=0, 8=0, 9=0, 10=0}, {0=0, 1=0, 2=0, 3=0, 4=0, 5=0, 6=0, 7=0, 8=0, 9=0, 10=0}, {0=0, 1=0, 2=0, 3=0, 4=0, 5=0, 6=0, 7=0, 8=0, 9=0, 10=0}, {0=0, 1=0, 2=0, 3=0, 4=0, 5=0, 6=0, 7=0, 8=0, 9=0, 10=0}, {0=0, 1=0, 2=0, 3=0, 4=0, 5=0, 6=0, 7=0, 8=0, 9=0, 10=0}, {0=0, 1=0, 2=0, 3=0, 4=0, 5=0, 6=0, 7=0, 8=0, 9=0, 10=0}, {0=0, 1=0, 2=0, 3=0, 4=0, 5=0, 6=0, 7=0, 8=0, 9=0, 10=0}]
[{0=0, 1=0, 2=0, 3=0, 4=0, 5=0, 6=0, 7=0, 8=0, 9=0, 10=0}, {0=0, 1=0, 2=0, 3=0, 4=0, 5=0, 6=0, 7=891, 8=0, 9=0, 10=0}, {0=0, 1=0, 2=0, 3=0, 4=0, 5=0, 6=0, 7=0, 8=769, 9=0, 10=0}, {0=0, 1=0, 2=0, 3=0, 4=0, 5=0, 6=0, 7=394, 8=0, 9=0, 10=0}, {0=0, 1=0, 2=0, 3=0, 4=0, 5=0, 6=0, 7=0, 8=175, 9=0, 10=0}, {0=0, 1=0, 2=0, 3=0, 4=0, 5=0, 6=182, 7=0, 8=0, 9=0, 10=0}, {0=0, 1=0, 2=0, 3=0, 4=0, 5=0, 6=0, 7=157, 8=0, 9=0, 10=0}, {0=0, 1=0, 2=0, 3=0, 4=0, 5=0, 6=155, 7=0, 8=0, 9=0, 10=0}, {0=0, 1=0, 2=0, 3=0, 4=0, 5=0, 6=0, 7=0, 8=0, 9=117, 10=0}, {0=0, 1=0, 2=0, 3=0, 4=0, 5=0, 6=0, 7=0, 8=0, 9=0, 10=534}, {0=0, 1=0, 2=0, 3=0, 4=0, 5=0, 6=0, 7=0, 8=0, 9=0, 10=0}]
[{0=0, 1=0, 2=0, 3=0, 4=0, 5=0, 6=0, 7=0, 8=0, 9=0, 10=0}, {0=0, 1=0, 2=9880, 3=0, 4=0, 5=0, 6=0, 7=0, 8=0, 9=0, 10=0}, {0=0, 1=0, 2=0, 3=0, 4=0, 5=0, 6=0, 7=0, 8=0, 9=0, 10=0}, {0=0, 1=0, 2=0, 3=0, 4=0, 5=0, 6=0, 7=0, 8=0, 9=0, 10=0}, {0=0, 1=0, 2=0, 3=0, 4=0, 5=0, 6=0, 7=0, 8=0, 9=0, 10=0}, {0=0, 1=0, 2=0, 3=0, 4=0, 5=0, 6=0, 7=0, 8=0, 9=0, 10=0}, {0=0, 1=0, 2=0, 3=0, 4=0, 5=0, 6=0, 7=0, 8=0, 9=0, 10=0}, {0=0, 1=0, 2=0, 3=0, 4=0, 5=0, 6=0, 7=0, 8=0, 9=0, 10=0}, {0=0, 1=0, 2=0, 3=0, 4=0, 5=0, 6=0, 7=0, 8=0, 9=0, 10=0}, {0=0, 1=0, 2=0, 3=0, 4=0, 5=0, 6=0, 7=0, 8=0, 9=0, 10=0}, {0=0, 1=0, 2=0, 3=0, 4=0, 5=0, 6=0, 7=0, 8=0, 9=0, 10=0}]
[{0=0, 1=20, 2=0, 3=0, 4=0, 5=0, 6=0, 7=0, 8=0, 9=0, 10=0}, {0=0, 1=0, 2=0, 3=0, 4=0, 5=0, 6=0, 7=0, 8=0, 9=0, 10=318}, {0=0, 1=0, 2=0, 3=0, 4=0, 5=0, 6=0, 7=0, 8=0, 9=353, 10=0}, {0=0, 1=0, 2=0, 3=0, 4=0, 5=0, 6=0, 7=0, 8=0, 9=0, 10=90}, {0=0, 1=0, 2=0, 3=0, 4=0, 5=0, 6=0, 7=0, 8=58, 9=0, 10=0}, {0=0, 1=0, 2=0, 3=0, 4=0, 5=0, 6=73, 7=0, 8=0, 9=0, 10=0}, {0=0, 1=0, 2=0, 3=0, 4=0, 5=0, 6=0, 7=65, 8=0, 9=0, 10=0}, {0=0, 1=0, 2=0, 3=0, 4=0, 5=0, 6=75, 7=0, 8=0, 9=0, 10=0}, {0=0, 1=0, 2=0, 3=0, 4=0, 5=0, 6=0, 7=0, 8=0, 9=70, 10=0}, {0=0, 1=0, 2=0, 3=0, 4=0, 5=0, 6=0, 7=0, 8=0, 9=234, 10=0}, {0=0, 1=0, 2=0, 3=0, 4=0, 5=0, 6=0, 7=0, 8=6, 9=0, 10=0}]
[{0=0, 1=24, 2=0, 3=0, 4=0, 5=0, 6=0, 7=0, 8=0, 9=0, 10=0}, {0=0, 1=0, 2=0, 3=0, 4=0, 5=0, 6=308, 7=0, 8=0, 9=0, 10=0}, {0=0, 1=0, 2=0, 3=0, 4=0, 5=0, 6=0, 7=0, 8=0, 9=477, 10=0}, {0=0, 1=0, 2=0, 3=0, 4=0, 5=0, 6=0, 7=0, 8=0, 9=0, 10=190}, {0=0, 1=0, 2=0, 3=0, 4=0, 5=0, 6=0, 7=0, 8=61, 9=0, 10=0}, {0=0, 1=0, 2=0, 3=0, 4=0, 5=0, 6=69, 7=0, 8=0, 9=0, 10=0}, {0=0, 1=0, 2=0, 3=0, 4=0, 5=0, 6=0, 7=67, 8=0, 9=0, 10=0}, {0=0, 1=0, 2=0, 3=0, 4=0, 5=0, 6=86, 7=0, 8=0, 9=0, 10=0}, {0=0, 1=0, 2=0, 3=0, 4=0, 5=0, 6=0, 7=0, 8=0, 9=84, 10=0}, {0=0, 1=0, 2=0, 3=0, 4=0, 5=0, 6=0, 7=0, 8=0, 9=241, 10=0}, {0=0, 1=0, 2=0, 3=0, 4=0, 5=0, 6=9, 7=0, 8=0, 9=0, 10=0}]
[{0=0, 1=0, 2=0, 3=0, 4=0, 5=0, 6=33, 7=0, 8=0, 9=0, 10=0}, {0=0, 1=0, 2=0, 3=0, 4=0, 5=0, 6=0, 7=0, 8=0, 9=256, 10=0}, {0=0, 1=0, 2=0, 3=0, 4=0, 5=0, 6=0, 7=448, 8=0, 9=0, 10=0}, {0=0, 1=0, 2=0, 3=0, 4=0, 5=0, 6=0, 7=0, 8=0, 9=0, 10=217}, {0=0, 1=0, 2=0, 3=0, 4=0, 5=0, 6=0, 7=0, 8=75, 9=0, 10=0}, {0=0, 1=0, 2=0, 3=0, 4=0, 5=0, 6=69, 7=0, 8=0, 9=0, 10=0}, {0=0, 1=0, 2=0, 3=0, 4=0, 5=0, 6=0, 7=78, 8=0, 9=0, 10=0}, {0=0, 1=0, 2=0, 3=0, 4=0, 5=0, 6=89, 7=0, 8=0, 9=0, 10=0}, {0=0, 1=0, 2=0, 3=0, 4=0, 5=0, 6=0, 7=0, 8=0, 9=83, 10=0}, {0=0, 1=0, 2=0, 3=0, 4=0, 5=0, 6=0, 7=0, 8=0, 9=255, 10=0}, {0=0, 1=0, 2=0, 3=11, 4=0, 5=0, 6=0, 7=0, 8=0, 9=0, 10=0}]
[{0=0, 1=0, 2=0, 3=0, 4=0, 5=0, 6=0, 7=24, 8=0, 9=0, 10=0}, {0=0, 1=0, 2=0, 3=0, 4=0, 5=0, 6=457, 7=0, 8=0, 9=0, 10=0}, {0=0, 1=0, 2=0, 3=0, 4=0, 5=0, 6=0, 7=0, 8=0, 9=492, 10=0}, {0=0, 1=0, 2=0, 3=0, 4=0, 5=0, 6=0, 7=0, 8=0, 9=0, 10=241}, {0=0, 1=0, 2=0, 3=0, 4=0, 5=0, 6=0, 7=80, 8=0, 9=0, 10=0}, {0=0, 1=0, 2=0, 3=0, 4=0, 5=0, 6=63, 7=0, 8=0, 9=0, 10=0}, {0=0, 1=0, 2=0, 3=0, 4=0, 5=0, 6=0, 7=68, 8=0, 9=0, 10=0}, {0=0, 1=0, 2=0, 3=0, 4=0, 5=0, 6=95, 7=0, 8=0, 9=0, 10=0}, {0=0, 1=0, 2=0, 3=0, 4=0, 5=0, 6=0, 7=0, 8=0, 9=137, 10=0}, {0=0, 1=0, 2=0, 3=0, 4=0, 5=0, 6=0, 7=345, 8=0, 9=0, 10=0}, {0=0, 1=0, 2=0, 3=0, 4=0, 5=0, 6=0, 7=9, 8=0, 9=0, 10=0}]
[{0=0, 1=0, 2=0, 3=0, 4=0, 5=0, 6=0, 7=18, 8=0, 9=0, 10=0}, {0=0, 1=0, 2=0, 3=0, 4=0, 5=0, 6=0, 7=0, 8=161, 9=0, 10=0}, {0=0, 1=0, 2=0, 3=0, 4=0, 5=0, 6=0, 7=0, 8=0, 9=0, 10=419}, {0=0, 1=0, 2=0, 3=0, 4=0, 5=0, 6=0, 7=0, 8=0, 9=0, 10=156}, {0=0, 1=0, 2=0, 3=0, 4=0, 5=0, 6=0, 7=60, 8=0, 9=0, 10=0}, {0=0, 1=0, 2=0, 3=0, 4=0, 5=0, 6=71, 7=0, 8=0, 9=0, 10=0}, {0=0, 1=0, 2=0, 3=0, 4=0, 5=0, 6=0, 7=84, 8=0, 9=0, 10=0}, {0=0, 1=0, 2=0, 3=0, 4=0, 5=0, 6=83, 7=0, 8=0, 9=0, 10=0}, {0=0, 1=0, 2=0, 3=0, 4=0, 5=0, 6=0, 7=0, 8=0, 9=66, 10=0}, {0=0, 1=0, 2=0, 3=0, 4=0, 5=0, 6=0, 7=0, 8=0, 9=235, 10=0}, {0=0, 1=0, 2=0, 3=6, 4=0, 5=0, 6=0, 7=0, 8=0, 9=0, 10=0}]
[{0=0, 1=0, 2=0, 3=0, 4=0, 5=0, 6=0, 7=0, 8=0, 9=30, 10=0}, {0=0, 1=0, 2=0, 3=0, 4=0, 5=0, 6=0, 7=0, 8=0, 9=239, 10=0}, {0=0, 1=0, 2=0, 3=0, 4=0, 5=0, 6=422, 7=0, 8=0, 9=0, 10=0}, {0=0, 1=0, 2=0, 3=0, 4=0, 5=0, 6=0, 7=0, 8=0, 9=0, 10=249}, {0=0, 1=0, 2=0, 3=0, 4=0, 5=0, 6=0, 7=59, 8=0, 9=0, 10=0}, {0=0, 1=0, 2=0, 3=0, 4=0, 5=0, 6=74, 7=0, 8=0, 9=0, 10=0}, {0=0, 1=0, 2=0, 3=0, 4=0, 5=0, 6=0, 7=77, 8=0, 9=0, 10=0}, {0=0, 1=0, 2=0, 3=0, 4=0, 5=0, 6=74, 7=0, 8=0, 9=0, 10=0}, {0=0, 1=0, 2=0, 3=0, 4=0, 5=0, 6=0, 7=0, 8=0, 9=75, 10=0}, {0=0, 1=0, 2=0, 3=0, 4=0, 5=0, 6=0, 7=0, 8=0, 9=260, 10=0}, {0=0, 1=0, 2=0, 3=0, 4=0, 5=0, 6=0, 7=9, 8=0, 9=0, 10=0}]
[{0=0, 1=0, 2=0, 3=0, 4=0, 5=0, 6=0, 7=0, 8=0, 9=0, 10=0}, {0=0, 1=0, 2=0, 3=0, 4=0, 5=9800, 6=0, 7=0, 8=0, 9=0, 10=0}, {0=0, 1=0, 2=0, 3=0, 4=0, 5=0, 6=80, 7=0, 8=0, 9=0, 10=0}, {0=0, 1=0, 2=0, 3=0, 4=0, 5=0, 6=0, 7=0, 8=0, 9=0, 10=0}, {0=0, 1=0, 2=0, 3=0, 4=0, 5=0, 6=0, 7=0, 8=0, 9=0, 10=0}, {0=0, 1=0, 2=0, 3=0, 4=0, 5=0, 6=0, 7=0, 8=0, 9=0, 10=0}, {0=0, 1=0, 2=0, 3=0, 4=0, 5=0, 6=0, 7=0, 8=0, 9=0, 10=0}, {0=0, 1=0, 2=0, 3=0, 4=0, 5=0, 6=0, 7=0, 8=0, 9=0, 10=0}, {0=0, 1=0, 2=0, 3=0, 4=0, 5=0, 6=0, 7=0, 8=0, 9=0, 10=0}, {0=0, 1=0, 2=0, 3=0, 4=0, 5=0, 6=0, 7=0, 8=0, 9=0, 10=0}, {0=0, 1=0, 2=0, 3=0, 4=0, 5=0, 6=0, 7=0, 8=0, 9=0, 10=0}]
[{0=0, 1=0, 2=0, 3=0, 4=0, 5=0, 6=0, 7=0, 8=190, 9=0, 10=0}, {0=0, 1=0, 2=0, 3=0, 4=0, 5=6099, 6=0, 7=0, 8=0, 9=0, 10=0}, {0=0, 1=0, 2=0, 3=0, 4=0, 5=0, 6=0, 7=0, 8=849, 9=0, 10=0}, {0=0, 1=0, 2=0, 3=0, 4=0, 5=0, 6=0, 7=0, 8=0, 9=427, 10=0}, {0=0, 1=0, 2=0, 3=0, 4=0, 5=0, 6=0, 7=229, 8=0, 9=0, 10=0}, {0=0, 1=0, 2=0, 3=0, 4=0, 5=0, 6=198, 7=0, 8=0, 9=0, 10=0}, {0=0, 1=0, 2=0, 3=0, 4=0, 5=0, 6=0, 7=191, 8=0, 9=0, 10=0}, {0=0, 1=0, 2=0, 3=0, 4=0, 5=0, 6=195, 7=0, 8=0, 9=0, 10=0}, {0=0, 1=0, 2=0, 3=0, 4=0, 5=0, 6=0, 7=0, 8=0, 9=258, 10=0}, {0=0, 1=0, 2=0, 3=0, 4=0, 5=0, 6=0, 7=821, 8=0, 9=0, 10=0}, {0=0, 1=0, 2=0, 3=0, 4=0, 5=0, 6=0, 7=0, 8=0, 9=0, 10=0}]
[{0=0, 1=0, 2=0, 3=0, 4=0, 5=0, 6=0, 7=0, 8=62, 9=0, 10=0}, {0=0, 1=0, 2=0, 3=0, 4=0, 5=0, 6=0, 7=0, 8=0, 9=539, 10=0}, {0=0, 1=0, 2=0, 3=0, 4=0, 5=0, 6=0, 7=635, 8=0, 9=0, 10=0}, {0=0, 1=0, 2=0, 3=0, 4=0, 5=0, 6=0, 7=263, 8=0, 9=0, 10=0}, {0=0, 1=0, 2=0, 3=0, 4=0, 5=107, 6=0, 7=0, 8=0, 9=0, 10=0}, {0=0, 1=0, 2=0, 3=0, 4=0, 5=0, 6=90, 7=0, 8=0, 9=0, 10=0}, {0=0, 1=0, 2=0, 3=0, 4=0, 5=0, 6=0, 7=70, 8=0, 9=0, 10=0}, {0=0, 1=0, 2=0, 3=0, 4=0, 5=0, 6=0, 7=0, 8=0, 9=92, 10=0}, {0=0, 1=0, 2=0, 3=0, 4=0, 5=0, 6=0, 7=0, 8=0, 9=146, 10=0}, {0=0, 1=0, 2=0, 3=0, 4=0, 5=0, 6=344, 7=0, 8=0, 9=0, 10=0}, {0=27, 1=0, 2=0, 3=0, 4=0, 5=0, 6=0, 7=0, 8=0, 9=0, 10=0}]
[{0=0, 1=0, 2=0, 3=0, 4=0, 5=0, 6=0, 7=0, 8=69, 9=0, 10=0}, {0=0, 1=0, 2=0, 3=0, 4=0, 5=0, 6=0, 7=0, 8=0, 9=548, 10=0}, {0=0, 1=0, 2=0, 3=0, 4=0, 5=0, 6=0, 7=614, 8=0, 9=0, 10=0}, {0=0, 1=0, 2=0, 3=0, 4=0, 5=0, 6=0, 7=284, 8=0, 9=0, 10=0}, {0=0, 1=0, 2=0, 3=0, 4=0, 5=111, 6=0, 7=0, 8=0, 9=0, 10=0}, {0=0, 1=0, 2=0, 3=0, 4=0, 5=0, 6=72, 7=0, 8=0, 9=0, 10=0}, {0=0, 1=0, 2=0, 3=0, 4=0, 5=0, 6=0, 7=78, 8=0, 9=0, 10=0}, {0=0, 1=0, 2=0, 3=0, 4=0, 5=0, 6=0, 7=0, 8=0, 9=89, 10=0}, {0=0, 1=0, 2=0, 3=0, 4=0, 5=0, 6=0, 7=0, 8=0, 9=132, 10=0}, {0=0, 1=0, 2=0, 3=0, 4=0, 5=0, 6=0, 7=313, 8=0, 9=0, 10=0}, {0=0, 1=0, 2=0, 3=0, 4=0, 5=0, 6=0, 7=29, 8=0, 9=0, 10=0}]
[{0=0, 1=0, 2=0, 3=0, 4=0, 5=0, 6=0, 7=0, 8=69, 9=0, 10=0}, {0=0, 1=0, 2=0, 3=0, 4=0, 5=0, 6=0, 7=0, 8=0, 9=548, 10=0}, {0=0, 1=0, 2=0, 3=0, 4=0, 5=0, 6=0, 7=614, 8=0, 9=0, 10=0}, {0=0, 1=0, 2=0, 3=0, 4=0, 5=0, 6=0, 7=284, 8=0, 9=0, 10=0}, {0=0, 1=0, 2=0, 3=0, 4=0, 5=111, 6=0, 7=0, 8=0, 9=0, 10=0}, {0=0, 1=0, 2=0, 3=0, 4=0, 5=0, 6=72, 7=0, 8=0, 9=0, 10=0}, {0=0, 1=0, 2=0, 3=0, 4=0, 5=0, 6=0, 7=78, 8=0, 9=0, 10=0}, {0=0, 1=0, 2=0, 3=0, 4=0, 5=0, 6=0, 7=0, 8=0, 9=89, 10=0}, {0=0, 1=0, 2=0, 3=0, 4=0, 5=0, 6=0, 7=0, 8=0, 9=132, 10=0}, {0=0, 1=0, 2=0, 3=0, 4=0, 5=0, 6=0, 7=313, 8=0, 9=0, 10=0}, {0=0, 1=0, 2=0, 3=0, 4=0, 5=0, 6=0, 7=29, 8=0, 9=0, 10=0}]
[{0=0, 1=0, 2=0, 3=0, 4=0, 5=0, 6=0, 7=0, 8=106, 9=0, 10=0}, {0=0, 1=0, 2=0, 3=0, 4=0, 5=0, 6=0, 7=0, 8=0, 9=891, 10=0}, {0=0, 1=0, 2=0, 3=0, 4=0, 5=0, 6=763, 7=0, 8=0, 9=0, 10=0}, {0=0, 1=0, 2=0, 3=0, 4=0, 5=0, 6=0, 7=412, 8=0, 9=0, 10=0}, {0=0, 1=0, 2=0, 3=0, 4=0, 5=175, 6=0, 7=0, 8=0, 9=0, 10=0}, {0=0, 1=0, 2=0, 3=0, 4=0, 5=0, 6=178, 7=0, 8=0, 9=0, 10=0}, {0=0, 1=0, 2=0, 3=0, 4=0, 5=0, 6=0, 7=162, 8=0, 9=0, 10=0}, {0=0, 1=0, 2=0, 3=0, 4=0, 5=0, 6=0, 7=0, 8=0, 9=192, 10=0}, {0=0, 1=0, 2=0, 3=0, 4=0, 5=0, 6=0, 7=0, 8=0, 9=221, 10=0}, {0=0, 1=0, 2=0, 3=0, 4=0, 5=0, 6=0, 7=889, 8=0, 9=0, 10=0}, {0=144, 1=0, 2=0, 3=0, 4=0, 5=0, 6=0, 7=0, 8=0, 9=0, 10=0}]
[{0=0, 1=0, 2=0, 3=0, 4=0, 5=0, 6=0, 7=0, 8=69, 9=0, 10=0}, {0=0, 1=0, 2=0, 3=0, 4=0, 5=0, 6=0, 7=0, 8=0, 9=606, 10=0}, {0=0, 1=0, 2=0, 3=0, 4=0, 5=0, 6=825, 7=0, 8=0, 9=0, 10=0}, {0=0, 1=0, 2=0, 3=0, 4=0, 5=0, 6=0, 7=0, 8=0, 9=363, 10=0}, {0=0, 1=0, 2=0, 3=0, 4=0, 5=0, 6=0, 7=0, 8=0, 9=270, 10=0}, {0=0, 1=0, 2=0, 3=0, 4=5083, 5=0, 6=0, 7=0, 8=0, 9=0, 10=0}, {0=0, 1=0, 2=0, 3=0, 4=0, 5=0, 6=0, 7=144, 8=0, 9=0, 10=0}, {0=0, 1=0, 2=0, 3=0, 4=0, 5=0, 6=0, 7=0, 8=0, 9=104, 10=0}, {0=0, 1=0, 2=0, 3=0, 4=0, 5=0, 6=0, 7=0, 8=0, 9=124, 10=0}, {0=0, 1=0, 2=0, 3=0, 4=0, 5=0, 6=0, 7=0, 8=0, 9=288, 10=0}, {0=32, 1=0, 2=0, 3=0, 4=0, 5=0, 6=0, 7=0, 8=0, 9=0, 10=0}]
[{0=0, 1=0, 2=0, 3=0, 4=0, 5=0, 6=0, 7=0, 8=69, 9=0, 10=0}, {0=0, 1=0, 2=0, 3=0, 4=0, 5=0, 6=0, 7=0, 8=0, 9=606, 10=0}, {0=0, 1=0, 2=0, 3=0, 4=0, 5=0, 6=825, 7=0, 8=0, 9=0, 10=0}, {0=0, 1=0, 2=0, 3=0, 4=0, 5=0, 6=0, 7=0, 8=0, 9=363, 10=0}, {0=0, 1=0, 2=0, 3=0, 4=0, 5=0, 6=0, 7=0, 8=0, 9=270, 10=0}, {0=0, 1=0, 2=0, 3=0, 4=5083, 5=0, 6=0, 7=0, 8=0, 9=0, 10=0}, {0=0, 1=0, 2=0, 3=0, 4=0, 5=0, 6=0, 7=144, 8=0, 9=0, 10=0}, {0=0, 1=0, 2=0, 3=0, 4=0, 5=0, 6=0, 7=0, 8=0, 9=104, 10=0}, {0=0, 1=0, 2=0, 3=0, 4=0, 5=0, 6=0, 7=0, 8=0, 9=124, 10=0}, {0=0, 1=0, 2=0, 3=0, 4=0, 5=0, 6=0, 7=0, 8=0, 9=288, 10=0}, {0=0, 1=0, 2=0, 3=0, 4=0, 5=0, 6=0, 7=30, 8=0, 9=0, 10=0}]
[{0=0, 1=0, 2=0, 3=0, 4=0, 5=0, 6=0, 7=0, 8=40, 9=0, 10=0}, {0=0, 1=0, 2=0, 3=0, 4=0, 5=0, 6=0, 7=0, 8=306, 9=0, 10=0}, {0=0, 1=0, 2=0, 3=0, 4=0, 5=0, 6=483, 7=0, 8=0, 9=0, 10=0}, {0=0, 1=0, 2=0, 3=0, 4=0, 5=0, 6=0, 7=0, 8=0, 9=267, 10=0}, {0=0, 1=0, 2=0, 3=0, 4=0, 5=0, 6=0, 7=0, 8=0, 9=94, 10=0}, {0=0, 1=0, 2=0, 3=0, 4=0, 5=0, 6=70, 7=0, 8=0, 9=0, 10=0}, {0=0, 1=0, 2=0, 3=0, 4=0, 5=0, 6=0, 7=62, 8=0, 9=0, 10=0}, {0=0, 1=0, 2=0, 3=0, 4=0, 5=0, 6=0, 7=0, 8=0, 9=79, 10=0}, {0=0, 1=0, 2=0, 3=0, 4=0, 5=0, 6=0, 7=0, 8=0, 9=78, 10=0}, {0=0, 1=0, 2=0, 3=0, 4=0, 5=0, 6=0, 7=0, 8=0, 9=249, 10=0}, {0=0, 1=0, 2=0, 3=0, 4=0, 5=0, 6=13, 7=0, 8=0, 9=0, 10=0}]
[{0=0, 1=0, 2=0, 3=0, 4=0, 5=0, 6=0, 7=0, 8=0, 9=0, 10=0}, {0=0, 1=0, 2=0, 3=9880, 4=0, 5=0, 6=0, 7=0, 8=0, 9=0, 10=0}, {0=0, 1=0, 2=0, 3=0, 4=0, 5=0, 6=0, 7=0, 8=0, 9=0, 10=0}, {0=0, 1=0, 2=0, 3=0, 4=0, 5=0, 6=0, 7=0, 8=0, 9=0, 10=0}, {0=0, 1=0, 2=0, 3=0, 4=0, 5=0, 6=0, 7=0, 8=0, 9=0, 10=0}, {0=0, 1=0, 2=0, 3=0, 4=0, 5=0, 6=0, 7=0, 8=0, 9=0, 10=0}, {0=0, 1=0, 2=0, 3=0, 4=0, 5=0, 6=0, 7=0, 8=0, 9=0, 10=0}, {0=0, 1=0, 2=0, 3=0, 4=0, 5=0, 6=0, 7=0, 8=0, 9=0, 10=0}, {0=0, 1=0, 2=0, 3=0, 4=0, 5=0, 6=0, 7=0, 8=0, 9=0, 10=0}, {0=0, 1=0, 2=0, 3=0, 4=0, 5=0, 6=0, 7=0, 8=0, 9=0, 10=0}, {0=0, 1=0, 2=0, 3=0, 4=0, 5=0, 6=0, 7=0, 8=0, 9=0, 10=0}]
[{0=0, 1=0, 2=0, 3=0, 4=0, 5=0, 6=0, 7=0, 8=0, 9=0, 10=0}, {0=0, 1=0, 2=0, 3=0, 4=0, 5=0, 6=983, 7=0, 8=0, 9=0, 10=0}, {0=0, 1=0, 2=0, 3=0, 4=0, 5=0, 6=0, 7=0, 8=850, 9=0, 10=0}, {0=0, 1=0, 2=0, 3=0, 4=0, 5=0, 6=0, 7=0, 8=399, 9=0, 10=0}, {0=0, 1=0, 2=0, 3=0, 4=0, 5=203, 6=0, 7=0, 8=0, 9=0, 10=0}, {0=0, 1=0, 2=0, 3=0, 4=0, 5=0, 6=159, 7=0, 8=0, 9=0, 10=0}, {0=0, 1=0, 2=0, 3=0, 4=0, 5=0, 6=0, 7=160, 8=0, 9=0, 10=0}, {0=0, 1=0, 2=0, 3=0, 4=0, 5=0, 6=0, 7=0, 8=0, 9=161, 10=0}, {0=0, 1=0, 2=0, 3=0, 4=0, 5=0, 6=0, 7=0, 8=0, 9=145, 10=0}, {0=0, 1=0, 2=0, 3=0, 4=0, 5=0, 6=0, 7=0, 8=0, 9=561, 10=0}, {0=0, 1=0, 2=0, 3=0, 4=0, 5=0, 6=0, 7=0, 8=0, 9=0, 10=0}]
[{0=0, 1=0, 2=0, 3=0, 4=0, 5=0, 6=0, 7=0, 8=0, 9=0, 10=0}, {0=0, 1=0, 2=0, 3=0, 4=0, 5=0, 6=983, 7=0, 8=0, 9=0, 10=0}, {0=0, 1=0, 2=0, 3=0, 4=0, 5=0, 6=0, 7=0, 8=850, 9=0, 10=0}, {0=0, 1=0, 2=0, 3=0, 4=0, 5=0, 6=0, 7=0, 8=399, 9=0, 10=0}, {0=0, 1=0, 2=0, 3=0, 4=0, 5=203, 6=0, 7=0, 8=0, 9=0, 10=0}, {0=0, 1=0, 2=0, 3=0, 4=0, 5=0, 6=159, 7=0, 8=0, 9=0, 10=0}, {0=0, 1=0, 2=0, 3=0, 4=0, 5=0, 6=0, 7=160, 8=0, 9=0, 10=0}, {0=0, 1=0, 2=0, 3=0, 4=0, 5=0, 6=0, 7=0, 8=0, 9=161, 10=0}, {0=0, 1=0, 2=0, 3=0, 4=0, 5=0, 6=0, 7=0, 8=0, 9=145, 10=0}, {0=0, 1=0, 2=0, 3=0, 4=0, 5=0, 6=0, 7=0, 8=0, 9=561, 10=0}, {0=0, 1=0, 2=0, 3=0, 4=0, 5=0, 6=0, 7=0, 8=0, 9=0, 10=0}]
[{0=0, 1=0, 2=0, 3=0, 4=0, 5=0, 6=0, 7=0, 8=0, 9=0, 10=0}, {0=0, 1=0, 2=0, 3=0, 4=0, 5=0, 6=983, 7=0, 8=0, 9=0, 10=0}, {0=0, 1=0, 2=0, 3=0, 4=0, 5=0, 6=0, 7=0, 8=850, 9=0, 10=0}, {0=0, 1=0, 2=0, 3=0, 4=0, 5=0, 6=0, 7=0, 8=399, 9=0, 10=0}, {0=0, 1=0, 2=0, 3=0, 4=0, 5=203, 6=0, 7=0, 8=0, 9=0, 10=0}, {0=0, 1=0, 2=0, 3=0, 4=0, 5=0, 6=159, 7=0, 8=0, 9=0, 10=0}, {0=0, 1=0, 2=0, 3=0, 4=0, 5=0, 6=0, 7=160, 8=0, 9=0, 10=0}, {0=0, 1=0, 2=0, 3=0, 4=0, 5=0, 6=0, 7=0, 8=0, 9=161, 10=0}, {0=0, 1=0, 2=0, 3=0, 4=0, 5=0, 6=0, 7=0, 8=0, 9=145, 10=0}, {0=0, 1=0, 2=0, 3=0, 4=0, 5=0, 6=0, 7=0, 8=0, 9=561, 10=0}, {0=0, 1=0, 2=0, 3=0, 4=0, 5=0, 6=0, 7=0, 8=0, 9=0, 10=0}]
[{0=0, 1=0, 2=0, 3=0, 4=0, 5=0, 6=0, 7=0, 8=0, 9=0, 10=0}, {0=0, 1=0, 2=0, 3=0, 4=0, 5=0, 6=1093, 7=0, 8=0, 9=0, 10=0}, {0=0, 1=0, 2=0, 3=0, 4=0, 5=0, 6=0, 7=0, 8=864, 9=0, 10=0}, {0=0, 1=0, 2=0, 3=0, 4=0, 5=0, 6=0, 7=0, 8=411, 9=0, 10=0}, {0=0, 1=0, 2=0, 3=0, 4=0, 5=192, 6=0, 7=0, 8=0, 9=0, 10=0}, {0=0, 1=0, 2=0, 3=0, 4=0, 5=0, 6=176, 7=0, 8=0, 9=0, 10=0}, {0=0, 1=0, 2=0, 3=0, 4=0, 5=0, 6=0, 7=154, 8=0, 9=0, 10=0}, {0=0, 1=0, 2=0, 3=0, 4=0, 5=0, 6=0, 7=0, 8=0, 9=152, 10=0}, {0=0, 1=0, 2=0, 3=0, 4=0, 5=0, 6=0, 7=0, 8=0, 9=135, 10=0}, {0=0, 1=0, 2=0, 3=0, 4=0, 5=0, 6=0, 7=0, 8=0, 9=564, 10=0}, {0=0, 1=0, 2=0, 3=0, 4=0, 5=0, 6=0, 7=0, 8=0, 9=0, 10=0}]
[{0=0, 1=0, 2=0, 3=0, 4=0, 5=0, 6=0, 7=0, 8=0, 9=0, 10=0}, {0=0, 1=0, 2=0, 3=0, 4=0, 5=0, 6=1115, 7=0, 8=0, 9=0, 10=0}, {0=0, 1=0, 2=0, 3=0, 4=0, 5=0, 6=0, 7=0, 8=895, 9=0, 10=0}, {0=0, 1=0, 2=0, 3=0, 4=0, 5=0, 6=0, 7=0, 8=438, 9=0, 10=0}, {0=0, 1=0, 2=0, 3=0, 4=0, 5=167, 6=0, 7=0, 8=0, 9=0, 10=0}, {0=0, 1=0, 2=0, 3=0, 4=0, 5=0, 6=146, 7=0, 8=0, 9=0, 10=0}, {0=0, 1=0, 2=0, 3=0, 4=0, 5=0, 6=0, 7=163, 8=0, 9=0, 10=0}, {0=0, 1=0, 2=0, 3=0, 4=0, 5=0, 6=0, 7=0, 8=0, 9=150, 10=0}, {0=0, 1=0, 2=0, 3=0, 4=0, 5=0, 6=0, 7=0, 8=0, 9=126, 10=0}, {0=0, 1=0, 2=0, 3=0, 4=0, 5=0, 6=0, 7=0, 8=0, 9=571, 10=0}, {0=0, 1=0, 2=0, 3=0, 4=0, 5=0, 6=0, 7=0, 8=0, 9=0, 10=0}]
[{0=0, 1=0, 2=0, 3=0, 4=0, 5=0, 6=0, 7=0, 8=0, 9=0, 10=0}, {0=0, 1=0, 2=0, 3=0, 4=0, 5=0, 6=1123, 7=0, 8=0, 9=0, 10=0}, {0=0, 1=0, 2=0, 3=0, 4=0, 5=0, 6=0, 7=0, 8=867, 9=0, 10=0}, {0=0, 1=0, 2=0, 3=0, 4=0, 5=0, 6=0, 7=0, 8=400, 9=0, 10=0}, {0=0, 1=0, 2=0, 3=0, 4=0, 5=207, 6=0, 7=0, 8=0, 9=0, 10=0}, {0=0, 1=0, 2=0, 3=0, 4=0, 5=0, 6=148, 7=0, 8=0, 9=0, 10=0}, {0=0, 1=0, 2=0, 3=0, 4=0, 5=0, 6=0, 7=153, 8=0, 9=0, 10=0}, {0=0, 1=0, 2=0, 3=0, 4=0, 5=0, 6=0, 7=0, 8=0, 9=152, 10=0}, {0=0, 1=0, 2=0, 3=0, 4=0, 5=0, 6=0, 7=0, 8=0, 9=136, 10=0}, {0=0, 1=0, 2=0, 3=0, 4=0, 5=0, 6=0, 7=0, 8=0, 9=580, 10=0}, {0=0, 1=0, 2=0, 3=0, 4=0, 5=0, 6=0, 7=0, 8=0, 9=0, 10=0}]
[{0=0, 1=0, 2=0, 3=0, 4=0, 5=0, 6=0, 7=0, 8=0, 9=0, 10=0}, {0=0, 1=0, 2=0, 3=0, 4=0, 5=0, 6=911, 7=0, 8=0, 9=0, 10=0}, {0=0, 1=0, 2=0, 3=0, 4=0, 5=0, 6=0, 7=0, 8=814, 9=0, 10=0}, {0=0, 1=0, 2=0, 3=0, 4=0, 5=0, 6=0, 7=0, 8=382, 9=0, 10=0}, {0=0, 1=0, 2=0, 3=0, 4=0, 5=199, 6=0, 7=0, 8=0, 9=0, 10=0}, {0=0, 1=0, 2=0, 3=0, 4=0, 5=0, 6=179, 7=0, 8=0, 9=0, 10=0}, {0=0, 1=0, 2=0, 3=0, 4=0, 5=0, 6=0, 7=161, 8=0, 9=0, 10=0}, {0=0, 1=0, 2=0, 3=0, 4=0, 5=0, 6=0, 7=0, 8=0, 9=159, 10=0}, {0=0, 1=0, 2=0, 3=0, 4=0, 5=0, 6=0, 7=0, 8=0, 9=133, 10=0}, {0=0, 1=0, 2=0, 3=0, 4=0, 5=0, 6=0, 7=0, 8=0, 9=574, 10=0}, {0=0, 1=0, 2=0, 3=0, 4=0, 5=0, 6=0, 7=0, 8=0, 9=0, 10=0}]
[{0=0, 1=0, 2=0, 3=0, 4=0, 5=0, 6=0, 7=0, 8=0, 9=0, 10=0}, {0=0, 1=0, 2=0, 3=0, 4=0, 5=0, 6=1123, 7=0, 8=0, 9=0, 10=0}, {0=0, 1=0, 2=0, 3=0, 4=0, 5=0, 6=0, 7=0, 8=867, 9=0, 10=0}, {0=0, 1=0, 2=0, 3=0, 4=0, 5=0, 6=0, 7=0, 8=400, 9=0, 10=0}, {0=0, 1=0, 2=0, 3=0, 4=0, 5=207, 6=0, 7=0, 8=0, 9=0, 10=0}, {0=0, 1=0, 2=0, 3=0, 4=0, 5=0, 6=148, 7=0, 8=0, 9=0, 10=0}, {0=0, 1=0, 2=0, 3=0, 4=0, 5=0, 6=0, 7=153, 8=0, 9=0, 10=0}, {0=0, 1=0, 2=0, 3=0, 4=0, 5=0, 6=0, 7=0, 8=0, 9=152, 10=0}, {0=0, 1=0, 2=0, 3=0, 4=0, 5=0, 6=0, 7=0, 8=0, 9=136, 10=0}, {0=0, 1=0, 2=0, 3=0, 4=0, 5=0, 6=0, 7=0, 8=0, 9=580, 10=0}, {0=0, 1=0, 2=0, 3=0, 4=0, 5=0, 6=0, 7=0, 8=0, 9=0, 10=0}]
[{0=0, 1=0, 2=0, 3=0, 4=0, 5=0, 6=0, 7=0, 8=0, 9=0, 10=0}, {0=0, 1=0, 2=0, 3=0, 4=0, 5=0, 6=983, 7=0, 8=0, 9=0, 10=0}, {0=0, 1=0, 2=0, 3=0, 4=0, 5=0, 6=0, 7=0, 8=850, 9=0, 10=0}, {0=0, 1=0, 2=0, 3=0, 4=0, 5=0, 6=0, 7=0, 8=399, 9=0, 10=0}, {0=0, 1=0, 2=0, 3=0, 4=0, 5=203, 6=0, 7=0, 8=0, 9=0, 10=0}, {0=0, 1=0, 2=0, 3=0, 4=0, 5=0, 6=159, 7=0, 8=0, 9=0, 10=0}, {0=0, 1=0, 2=0, 3=0, 4=0, 5=0, 6=0, 7=160, 8=0, 9=0, 10=0}, {0=0, 1=0, 2=0, 3=0, 4=0, 5=0, 6=0, 7=0, 8=0, 9=161, 10=0}, {0=0, 1=0, 2=0, 3=0, 4=0, 5=0, 6=0, 7=0, 8=0, 9=145, 10=0}, {0=0, 1=0, 2=0, 3=0, 4=0, 5=0, 6=0, 7=0, 8=0, 9=561, 10=0}, {0=0, 1=0, 2=0, 3=0, 4=0, 5=0, 6=0, 7=0, 8=0, 9=0, 10=0}]
[{0=0, 1=0, 2=0, 3=0, 4=0, 5=0, 6=0, 7=0, 8=0, 9=0, 10=0}, {0=0, 1=0, 2=0, 3=0, 4=0, 5=0, 6=1123, 7=0, 8=0, 9=0, 10=0}, {0=0, 1=0, 2=0, 3=0, 4=0, 5=0, 6=0, 7=0, 8=867, 9=0, 10=0}, {0=0, 1=0, 2=0, 3=0, 4=0, 5=0, 6=0, 7=0, 8=400, 9=0, 10=0}, {0=0, 1=0, 2=0, 3=0, 4=0, 5=207, 6=0, 7=0, 8=0, 9=0, 10=0}, {0=0, 1=0, 2=0, 3=0, 4=0, 5=0, 6=148, 7=0, 8=0, 9=0, 10=0}, {0=0, 1=0, 2=0, 3=0, 4=0, 5=0, 6=0, 7=153, 8=0, 9=0, 10=0}, {0=0, 1=0, 2=0, 3=0, 4=0, 5=0, 6=0, 7=0, 8=0, 9=152, 10=0}, {0=0, 1=0, 2=0, 3=0, 4=0, 5=0, 6=0, 7=0, 8=0, 9=136, 10=0}, {0=0, 1=0, 2=0, 3=0, 4=0, 5=0, 6=0, 7=0, 8=0, 9=580, 10=0}, {0=0, 1=0, 2=0, 3=0, 4=0, 5=0, 6=0, 7=0, 8=0, 9=0, 10=0}]
[{0=0, 1=0, 2=0, 3=0, 4=0, 5=0, 6=0, 7=0, 8=0, 9=0, 10=0}, {0=0, 1=0, 2=0, 3=0, 4=0, 5=0, 6=1093, 7=0, 8=0, 9=0, 10=0}, {0=0, 1=0, 2=0, 3=0, 4=0, 5=0, 6=0, 7=0, 8=905, 9=0, 10=0}, {0=0, 1=0, 2=0, 3=0, 4=0, 5=0, 6=0, 7=0, 8=387, 9=0, 10=0}, {0=0, 1=0, 2=0, 3=0, 4=0, 5=194, 6=0, 7=0, 8=0, 9=0, 10=0}, {0=0, 1=0, 2=0, 3=0, 4=0, 5=0, 6=143, 7=0, 8=0, 9=0, 10=0}, {0=0, 1=0, 2=0, 3=0, 4=0, 5=0, 6=0, 7=170, 8=0, 9=0, 10=0}, {0=0, 1=0, 2=0, 3=0, 4=0, 5=0, 6=0, 7=0, 8=0, 9=156, 10=0}, {0=0, 1=0, 2=0, 3=0, 4=0, 5=0, 6=0, 7=0, 8=0, 9=142, 10=0}, {0=0, 1=0, 2=0, 3=0, 4=0, 5=0, 6=0, 7=0, 8=0, 9=567, 10=0}, {0=0, 1=0, 2=0, 3=0, 4=0, 5=0, 6=0, 7=0, 8=0, 9=0, 10=0}]
[{0=0, 1=0, 2=0, 3=0, 4=0, 5=0, 6=0, 7=0, 8=0, 9=0, 10=0}, {0=0, 1=0, 2=0, 3=0, 4=0, 5=0, 6=911, 7=0, 8=0, 9=0, 10=0}, {0=0, 1=0, 2=0, 3=0, 4=0, 5=0, 6=0, 7=0, 8=814, 9=0, 10=0}, {0=0, 1=0, 2=0, 3=0, 4=0, 5=0, 6=0, 7=0, 8=382, 9=0, 10=0}, {0=0, 1=0, 2=0, 3=0, 4=0, 5=199, 6=0, 7=0, 8=0, 9=0, 10=0}, {0=0, 1=0, 2=0, 3=0, 4=0, 5=0, 6=179, 7=0, 8=0, 9=0, 10=0}, {0=0, 1=0, 2=0, 3=0, 4=0, 5=0, 6=0, 7=161, 8=0, 9=0, 10=0}, {0=0, 1=0, 2=0, 3=0, 4=0, 5=0, 6=0, 7=0, 8=0, 9=159, 10=0}, {0=0, 1=0, 2=0, 3=0, 4=0, 5=0, 6=0, 7=0, 8=0, 9=133, 10=0}, {0=0, 1=0, 2=0, 3=0, 4=0, 5=0, 6=0, 7=0, 8=0, 9=574, 10=0}, {0=0, 1=0, 2=0, 3=0, 4=0, 5=0, 6=0, 7=0, 8=0, 9=0, 10=0}]
[{0=0, 1=0, 2=0, 3=0, 4=0, 5=0, 6=0, 7=0, 8=0, 9=0, 10=0}, {0=0, 1=0, 2=0, 3=0, 4=0, 5=0, 6=983, 7=0, 8=0, 9=0, 10=0}, {0=0, 1=0, 2=0, 3=0, 4=0, 5=0, 6=0, 7=0, 8=850, 9=0, 10=0}, {0=0, 1=0, 2=0, 3=0, 4=0, 5=0, 6=0, 7=0, 8=399, 9=0, 10=0}, {0=0, 1=0, 2=0, 3=0, 4=0, 5=203, 6=0, 7=0, 8=0, 9=0, 10=0}, {0=0, 1=0, 2=0, 3=0, 4=0, 5=0, 6=159, 7=0, 8=0, 9=0, 10=0}, {0=0, 1=0, 2=0, 3=0, 4=0, 5=0, 6=0, 7=160, 8=0, 9=0, 10=0}, {0=0, 1=0, 2=0, 3=0, 4=0, 5=0, 6=0, 7=0, 8=0, 9=161, 10=0}, {0=0, 1=0, 2=0, 3=0, 4=0, 5=0, 6=0, 7=0, 8=0, 9=145, 10=0}, {0=0, 1=0, 2=0, 3=0, 4=0, 5=0, 6=0, 7=0, 8=0, 9=561, 10=0}, {0=0, 1=0, 2=0, 3=0, 4=0, 5=0, 6=0, 7=0, 8=0, 9=0, 10=0}]
[{0=0, 1=0, 2=0, 3=0, 4=0, 5=0, 6=0, 7=0, 8=0, 9=0, 10=0}, {0=0, 1=0, 2=0, 3=0, 4=0, 5=0, 6=1015, 7=0, 8=0, 9=0, 10=0}, {0=0, 1=0, 2=0, 3=0, 4=0, 5=0, 6=0, 7=0, 8=872, 9=0, 10=0}, {0=0, 1=0, 2=0, 3=0, 4=0, 5=0, 6=0, 7=0, 8=398, 9=0, 10=0}, {0=0, 1=0, 2=0, 3=0, 4=0, 5=193, 6=0, 7=0, 8=0, 9=0, 10=0}, {0=0, 1=0, 2=0, 3=0, 4=0, 5=0, 6=188, 7=0, 8=0, 9=0, 10=0}, {0=0, 1=0, 2=0, 3=0, 4=0, 5=0, 6=0, 7=182, 8=0, 9=0, 10=0}, {0=0, 1=0, 2=0, 3=0, 4=0, 5=0, 6=0, 7=0, 8=0, 9=139, 10=0}, {0=0, 1=0, 2=0, 3=0, 4=0, 5=0, 6=0, 7=0, 8=0, 9=136, 10=0}, {0=0, 1=0, 2=0, 3=0, 4=0, 5=0, 6=0, 7=0, 8=0, 9=571, 10=0}, {0=0, 1=0, 2=0, 3=0, 4=0, 5=0, 6=0, 7=0, 8=0, 9=0, 10=0}]
[{0=0, 1=0, 2=0, 3=0, 4=0, 5=0, 6=0, 7=0, 8=0, 9=0, 10=0}, {0=0, 1=0, 2=0, 3=0, 4=0, 5=0, 6=976, 7=0, 8=0, 9=0, 10=0}, {0=0, 1=0, 2=0, 3=0, 4=0, 5=0, 6=0, 7=0, 8=818, 9=0, 10=0}, {0=0, 1=0, 2=0, 3=0, 4=0, 5=0, 6=0, 7=0, 8=424, 9=0, 10=0}, {0=0, 1=0, 2=0, 3=0, 4=0, 5=237, 6=0, 7=0, 8=0, 9=0, 10=0}, {0=0, 1=0, 2=0, 3=0, 4=0, 5=0, 6=185, 7=0, 8=0, 9=0, 10=0}, {0=0, 1=0, 2=0, 3=0, 4=0, 5=0, 6=0, 7=202, 8=0, 9=0, 10=0}, {0=0, 1=0, 2=0, 3=0, 4=0, 5=0, 6=0, 7=0, 8=0, 9=128, 10=0}, {0=0, 1=0, 2=0, 3=0, 4=0, 5=0, 6=0, 7=0, 8=0, 9=94, 10=0}, {0=0, 1=0, 2=0, 3=0, 4=0, 5=0, 6=0, 7=0, 8=0, 9=572, 10=0}, {0=0, 1=0, 2=0, 3=0, 4=0, 5=0, 6=0, 7=0, 8=0, 9=0, 10=0}]
[{0=0, 1=0, 2=0, 3=0, 4=0, 5=0, 6=0, 7=0, 8=0, 9=0, 10=0}, {0=0, 1=0, 2=0, 3=0, 4=0, 5=0, 6=1185, 7=0, 8=0, 9=0, 10=0}, {0=0, 1=0, 2=0, 3=0, 4=0, 5=0, 6=0, 7=0, 8=900, 9=0, 10=0}, {0=0, 1=0, 2=0, 3=0, 4=0, 5=0, 6=0, 7=0, 8=435, 9=0, 10=0}, {0=0, 1=0, 2=0, 3=0, 4=0, 5=219, 6=0, 7=0, 8=0, 9=0, 10=0}, {0=0, 1=0, 2=0, 3=0, 4=0, 5=0, 6=197, 7=0, 8=0, 9=0, 10=0}, {0=0, 1=0, 2=0, 3=0, 4=0, 5=0, 6=0, 7=167, 8=0, 9=0, 10=0}, {0=0, 1=0, 2=0, 3=0, 4=0, 5=0, 6=0, 7=0, 8=0, 9=144, 10=0}, {0=0, 1=0, 2=0, 3=0, 4=0, 5=0, 6=0, 7=0, 8=0, 9=100, 10=0}, {0=0, 1=0, 2=0, 3=0, 4=0, 5=0, 6=0, 7=0, 8=0, 9=527, 10=0}, {0=0, 1=0, 2=0, 3=0, 4=0, 5=0, 6=0, 7=0, 8=0, 9=0, 10=0}]
[{0=0, 1=0, 2=0, 3=0, 4=0, 5=0, 6=0, 7=0, 8=0, 9=0, 10=0}, {0=0, 1=0, 2=0, 3=0, 4=0, 5=0, 6=911, 7=0, 8=0, 9=0, 10=0}, {0=0, 1=0, 2=0, 3=0, 4=0, 5=0, 6=0, 7=0, 8=814, 9=0, 10=0}, {0=0, 1=0, 2=0, 3=0, 4=0, 5=0, 6=0, 7=0, 8=382, 9=0, 10=0}, {0=0, 1=0, 2=0, 3=0, 4=0, 5=199, 6=0, 7=0, 8=0, 9=0, 10=0}, {0=0, 1=0, 2=0, 3=0, 4=0, 5=0, 6=179, 7=0, 8=0, 9=0, 10=0}, {0=0, 1=0, 2=0, 3=0, 4=0, 5=0, 6=0, 7=161, 8=0, 9=0, 10=0}, {0=0, 1=0, 2=0, 3=0, 4=0, 5=0, 6=0, 7=0, 8=0, 9=159, 10=0}, {0=0, 1=0, 2=0, 3=0, 4=0, 5=0, 6=0, 7=0, 8=0, 9=133, 10=0}, {0=0, 1=0, 2=0, 3=0, 4=0, 5=0, 6=0, 7=0, 8=0, 9=574, 10=0}, {0=0, 1=0, 2=0, 3=0, 4=0, 5=0, 6=0, 7=0, 8=0, 9=0, 10=0}]
[{0=0, 1=0, 2=0, 3=0, 4=0, 5=0, 6=0, 7=0, 8=0, 9=0, 10=0}, {0=0, 1=0, 2=0, 3=0, 4=0, 5=0, 6=976, 7=0, 8=0, 9=0, 10=0}, {0=0, 1=0, 2=0, 3=0, 4=0, 5=0, 6=0, 7=0, 8=818, 9=0, 10=0}, {0=0, 1=0, 2=0, 3=0, 4=0, 5=0, 6=0, 7=0, 8=424, 9=0, 10=0}, {0=0, 1=0, 2=0, 3=0, 4=0, 5=237, 6=0, 7=0, 8=0, 9=0, 10=0}, {0=0, 1=0, 2=0, 3=0, 4=0, 5=0, 6=185, 7=0, 8=0, 9=0, 10=0}, {0=0, 1=0, 2=0, 3=0, 4=0, 5=0, 6=0, 7=202, 8=0, 9=0, 10=0}, {0=0, 1=0, 2=0, 3=0, 4=0, 5=0, 6=0, 7=0, 8=0, 9=128, 10=0}, {0=0, 1=0, 2=0, 3=0, 4=0, 5=0, 6=0, 7=0, 8=0, 9=94, 10=0}, {0=0, 1=0, 2=0, 3=0, 4=0, 5=0, 6=0, 7=0, 8=0, 9=572, 10=0}, {0=0, 1=0, 2=0, 3=0, 4=0, 5=0, 6=0, 7=0, 8=0, 9=0, 10=0}]
[{0=0, 1=0, 2=0, 3=0, 4=0, 5=0, 6=0, 7=0, 8=0, 9=0, 10=0}, {0=0, 1=0, 2=0, 3=0, 4=0, 5=0, 6=1191, 7=0, 8=0, 9=0, 10=0}, {0=0, 1=0, 2=0, 3=0, 4=0, 5=0, 6=0, 7=0, 8=875, 9=0, 10=0}, {0=0, 1=0, 2=0, 3=0, 4=0, 5=0, 6=0, 7=0, 8=398, 9=0, 10=0}, {0=0, 1=0, 2=0, 3=0, 4=0, 5=194, 6=0, 7=0, 8=0, 9=0, 10=0}, {0=0, 1=0, 2=0, 3=0, 4=0, 5=0, 6=204, 7=0, 8=0, 9=0, 10=0}, {0=0, 1=0, 2=0, 3=0, 4=0, 5=0, 6=0, 7=185, 8=0, 9=0, 10=0}, {0=0, 1=0, 2=0, 3=0, 4=0, 5=0, 6=0, 7=0, 8=0, 9=142, 10=0}, {0=0, 1=0, 2=0, 3=0, 4=0, 5=0, 6=0, 7=0, 8=0, 9=118, 10=0}, {0=0, 1=0, 2=0, 3=0, 4=0, 5=0, 6=0, 7=0, 8=0, 9=578, 10=0}, {0=0, 1=0, 2=0, 3=0, 4=0, 5=0, 6=0, 7=0, 8=0, 9=0, 10=0}]
[{0=0, 1=0, 2=0, 3=0, 4=0, 5=0, 6=0, 7=0, 8=0, 9=0, 10=0}, {0=0, 1=0, 2=0, 3=0, 4=0, 5=0, 6=911, 7=0, 8=0, 9=0, 10=0}, {0=0, 1=0, 2=0, 3=0, 4=0, 5=0, 6=0, 7=0, 8=814, 9=0, 10=0}, {0=0, 1=0, 2=0, 3=0, 4=0, 5=0, 6=0, 7=0, 8=382, 9=0, 10=0}, {0=0, 1=0, 2=0, 3=0, 4=0, 5=199, 6=0, 7=0, 8=0, 9=0, 10=0}, {0=0, 1=0, 2=0, 3=0, 4=0, 5=0, 6=179, 7=0, 8=0, 9=0, 10=0}, {0=0, 1=0, 2=0, 3=0, 4=0, 5=0, 6=0, 7=161, 8=0, 9=0, 10=0}, {0=0, 1=0, 2=0, 3=0, 4=0, 5=0, 6=0, 7=0, 8=0, 9=159, 10=0}, {0=0, 1=0, 2=0, 3=0, 4=0, 5=0, 6=0, 7=0, 8=0, 9=133, 10=0}, {0=0, 1=0, 2=0, 3=0, 4=0, 5=0, 6=0, 7=0, 8=0, 9=574, 10=0}, {0=0, 1=0, 2=0, 3=0, 4=0, 5=0, 6=0, 7=0, 8=0, 9=0, 10=0}]
[{0=0, 1=0, 2=0, 3=0, 4=0, 5=0, 6=0, 7=0, 8=0, 9=0, 10=0}, {0=0, 1=0, 2=0, 3=0, 4=0, 5=0, 6=1135, 7=0, 8=0, 9=0, 10=0}, {0=0, 1=0, 2=0, 3=0, 4=0, 5=0, 6=0, 7=0, 8=913, 9=0, 10=0}, {0=0, 1=0, 2=0, 3=0, 4=0, 5=0, 6=0, 7=0, 8=392, 9=0, 10=0}, {0=0, 1=0, 2=0, 3=0, 4=0, 5=236, 6=0, 7=0, 8=0, 9=0, 10=0}, {0=0, 1=0, 2=0, 3=0, 4=0, 5=0, 6=152, 7=0, 8=0, 9=0, 10=0}, {0=0, 1=0, 2=0, 3=0, 4=0, 5=0, 6=0, 7=185, 8=0, 9=0, 10=0}, {0=0, 1=0, 2=0, 3=0, 4=0, 5=0, 6=0, 7=0, 8=0, 9=138, 10=0}, {0=0, 1=0, 2=0, 3=0, 4=0, 5=0, 6=0, 7=0, 8=0, 9=110, 10=0}, {0=0, 1=0, 2=0, 3=0, 4=0, 5=0, 6=0, 7=0, 8=0, 9=589, 10=0}, {0=0, 1=0, 2=0, 3=0, 4=0, 5=0, 6=0, 7=0, 8=0, 9=0, 10=0}]
[{0=0, 1=0, 2=0, 3=0, 4=0, 5=0, 6=0, 7=0, 8=0, 9=0, 10=0}, {0=0, 1=0, 2=0, 3=0, 4=0, 5=0, 6=976, 7=0, 8=0, 9=0, 10=0}, {0=0, 1=0, 2=0, 3=0, 4=0, 5=0, 6=0, 7=0, 8=818, 9=0, 10=0}, {0=0, 1=0, 2=0, 3=0, 4=0, 5=0, 6=0, 7=0, 8=424, 9=0, 10=0}, {0=0, 1=0, 2=0, 3=0, 4=0, 5=237, 6=0, 7=0, 8=0, 9=0, 10=0}, {0=0, 1=0, 2=0, 3=0, 4=0, 5=0, 6=185, 7=0, 8=0, 9=0, 10=0}, {0=0, 1=0, 2=0, 3=0, 4=0, 5=0, 6=0, 7=202, 8=0, 9=0, 10=0}, {0=0, 1=0, 2=0, 3=0, 4=0, 5=0, 6=0, 7=0, 8=0, 9=128, 10=0}, {0=0, 1=0, 2=0, 3=0, 4=0, 5=0, 6=0, 7=0, 8=0, 9=94, 10=0}, {0=0, 1=0, 2=0, 3=0, 4=0, 5=0, 6=0, 7=0, 8=0, 9=572, 10=0}, {0=0, 1=0, 2=0, 3=0, 4=0, 5=0, 6=0, 7=0, 8=0, 9=0, 10=0}]
[{0=0, 1=0, 2=0, 3=0, 4=0, 5=0, 6=0, 7=0, 8=0, 9=0, 10=0}, {0=0, 1=0, 2=0, 3=0, 4=0, 5=0, 6=1135, 7=0, 8=0, 9=0, 10=0}, {0=0, 1=0, 2=0, 3=0, 4=0, 5=0, 6=0, 7=0, 8=913, 9=0, 10=0}, {0=0, 1=0, 2=0, 3=0, 4=0, 5=0, 6=0, 7=0, 8=392, 9=0, 10=0}, {0=0, 1=0, 2=0, 3=0, 4=0, 5=236, 6=0, 7=0, 8=0, 9=0, 10=0}, {0=0, 1=0, 2=0, 3=0, 4=0, 5=0, 6=152, 7=0, 8=0, 9=0, 10=0}, {0=0, 1=0, 2=0, 3=0, 4=0, 5=0, 6=0, 7=185, 8=0, 9=0, 10=0}, {0=0, 1=0, 2=0, 3=0, 4=0, 5=0, 6=0, 7=0, 8=0, 9=138, 10=0}, {0=0, 1=0, 2=0, 3=0, 4=0, 5=0, 6=0, 7=0, 8=0, 9=110, 10=0}, {0=0, 1=0, 2=0, 3=0, 4=0, 5=0, 6=0, 7=0, 8=0, 9=589, 10=0}, {0=0, 1=0, 2=0, 3=0, 4=0, 5=0, 6=0, 7=0, 8=0, 9=0, 10=0}]
[{0=0, 1=0, 2=0, 3=0, 4=0, 5=0, 6=0, 7=0, 8=0, 9=0, 10=0}, {0=0, 1=0, 2=0, 3=0, 4=0, 5=0, 6=1117, 7=0, 8=0, 9=0, 10=0}, {0=0, 1=0, 2=0, 3=0, 4=0, 5=0, 6=0, 7=0, 8=895, 9=0, 10=0}, {0=0, 1=0, 2=0, 3=0, 4=0, 5=0, 6=0, 7=0, 8=400, 9=0, 10=0}, {0=0, 1=0, 2=0, 3=0, 4=0, 5=216, 6=0, 7=0, 8=0, 9=0, 10=0}, {0=0, 1=0, 2=0, 3=0, 4=0, 5=192, 6=0, 7=0, 8=0, 9=0, 10=0}, {0=0, 1=0, 2=0, 3=0, 4=0, 5=0, 6=0, 7=167, 8=0, 9=0, 10=0}, {0=0, 1=0, 2=0, 3=0, 4=0, 5=0, 6=0, 7=0, 8=0, 9=149, 10=0}, {0=0, 1=0, 2=0, 3=0, 4=0, 5=0, 6=0, 7=0, 8=0, 9=139, 10=0}, {0=0, 1=0, 2=0, 3=0, 4=0, 5=0, 6=0, 7=0, 8=0, 9=570, 10=0}, {0=0, 1=0, 2=0, 3=0, 4=0, 5=0, 6=0, 7=0, 8=0, 9=0, 10=0}]
[{0=0, 1=0, 2=0, 3=0, 4=0, 5=0, 6=0, 7=0, 8=0, 9=0, 10=0}, {0=0, 1=0, 2=0, 3=0, 4=0, 5=0, 6=981, 7=0, 8=0, 9=0, 10=0}, {0=0, 1=0, 2=0, 3=0, 4=0, 5=0, 6=0, 7=0, 8=876, 9=0, 10=0}, {0=0, 1=0, 2=0, 3=0, 4=0, 5=0, 6=0, 7=0, 8=391, 9=0, 10=0}, {0=0, 1=0, 2=0, 3=0, 4=0, 5=221, 6=0, 7=0, 8=0, 9=0, 10=0}, {0=0, 1=0, 2=0, 3=0, 4=0, 5=223, 6=0, 7=0, 8=0, 9=0, 10=0}, {0=0, 1=0, 2=0, 3=0, 4=0, 5=216, 6=0, 7=0, 8=0, 9=0, 10=0}, {0=0, 1=0, 2=0, 3=0, 4=0, 5=0, 6=0, 7=0, 8=0, 9=138, 10=0}, {0=0, 1=0, 2=0, 3=0, 4=0, 5=0, 6=0, 7=0, 8=0, 9=123, 10=0}, {0=0, 1=0, 2=0, 3=0, 4=0, 5=0, 6=0, 7=0, 8=0, 9=570, 10=0}, {0=0, 1=0, 2=0, 3=0, 4=0, 5=0, 6=0, 7=0, 8=0, 9=0, 10=0}]
[{0=0, 1=0, 2=0, 3=0, 4=0, 5=0, 6=0, 7=0, 8=0, 9=0, 10=0}, {0=0, 1=0, 2=0, 3=0, 4=0, 5=0, 6=1042, 7=0, 8=0, 9=0, 10=0}, {0=0, 1=0, 2=0, 3=0, 4=0, 5=0, 6=0, 7=0, 8=873, 9=0, 10=0}, {0=0, 1=0, 2=0, 3=0, 4=0, 5=0, 6=0, 7=0, 8=405, 9=0, 10=0}, {0=0, 1=0, 2=0, 3=0, 4=0, 5=211, 6=0, 7=0, 8=0, 9=0, 10=0}, {0=0, 1=0, 2=0, 3=0, 4=0, 5=189, 6=0, 7=0, 8=0, 9=0, 10=0}, {0=0, 1=0, 2=0, 3=0, 4=0, 5=192, 6=0, 7=0, 8=0, 9=0, 10=0}, {0=0, 1=0, 2=0, 3=0, 4=0, 5=0, 6=0, 7=0, 8=0, 9=165, 10=0}, {0=0, 1=0, 2=0, 3=0, 4=0, 5=0, 6=0, 7=0, 8=0, 9=115, 10=0}, {0=0, 1=0, 2=0, 3=0, 4=0, 5=0, 6=0, 7=0, 8=0, 9=590, 10=0}, {0=0, 1=0, 2=0, 3=0, 4=0, 5=0, 6=0, 7=0, 8=0, 9=0, 10=0}]
[{0=0, 1=0, 2=0, 3=0, 4=0, 5=0, 6=0, 7=0, 8=0, 9=0, 10=0}, {0=0, 1=0, 2=0, 3=0, 4=0, 5=0, 6=1043, 7=0, 8=0, 9=0, 10=0}, {0=0, 1=0, 2=0, 3=0, 4=0, 5=0, 6=0, 7=0, 8=933, 9=0, 10=0}, {0=0, 1=0, 2=0, 3=0, 4=0, 5=0, 6=0, 7=0, 8=475, 9=0, 10=0}, {0=0, 1=0, 2=0, 3=0, 4=0, 5=214, 6=0, 7=0, 8=0, 9=0, 10=0}, {0=0, 1=0, 2=0, 3=0, 4=0, 5=194, 6=0, 7=0, 8=0, 9=0, 10=0}, {0=0, 1=0, 2=0, 3=0, 4=0, 5=171, 6=0, 7=0, 8=0, 9=0, 10=0}, {0=0, 1=0, 2=0, 3=0, 4=0, 5=0, 6=0, 7=0, 8=0, 9=111, 10=0}, {0=0, 1=0, 2=0, 3=0, 4=0, 5=0, 6=0, 7=0, 8=0, 9=123, 10=0}, {0=0, 1=0, 2=0, 3=0, 4=0, 5=0, 6=0, 7=0, 8=0, 9=540, 10=0}, {0=0, 1=0, 2=0, 3=0, 4=0, 5=0, 6=0, 7=0, 8=0, 9=0, 10=0}]
[{0=0, 1=0, 2=0, 3=0, 4=0, 5=0, 6=0, 7=0, 8=0, 9=0, 10=0}, {0=0, 1=0, 2=0, 3=0, 4=0, 5=0, 6=946, 7=0, 8=0, 9=0, 10=0}, {0=0, 1=0, 2=0, 3=0, 4=0, 5=0, 6=0, 7=0, 8=876, 9=0, 10=0}, {0=0, 1=0, 2=0, 3=0, 4=0, 5=0, 6=0, 7=0, 8=387, 9=0, 10=0}, {0=0, 1=0, 2=0, 3=0, 4=0, 5=207, 6=0, 7=0, 8=0, 9=0, 10=0}, {0=0, 1=0, 2=0, 3=0, 4=0, 5=192, 6=0, 7=0, 8=0, 9=0, 10=0}, {0=0, 1=0, 2=0, 3=0, 4=0, 5=211, 6=0, 7=0, 8=0, 9=0, 10=0}, {0=0, 1=0, 2=0, 3=0, 4=0, 5=0, 6=0, 7=0, 8=0, 9=145, 10=0}, {0=0, 1=0, 2=0, 3=0, 4=0, 5=0, 6=0, 7=0, 8=0, 9=127, 10=0}, {0=0, 1=0, 2=0, 3=0, 4=0, 5=0, 6=0, 7=0, 8=0, 9=588, 10=0}, {0=0, 1=0, 2=0, 3=0, 4=0, 5=0, 6=0, 7=0, 8=0, 9=0, 10=0}]
[{0=0, 1=0, 2=0, 3=0, 4=0, 5=0, 6=0, 7=0, 8=0, 9=0, 10=0}, {0=0, 1=0, 2=0, 3=0, 4=0, 5=0, 6=1160, 7=0, 8=0, 9=0, 10=0}, {0=0, 1=0, 2=0, 3=0, 4=0, 5=0, 6=0, 7=0, 8=967, 9=0, 10=0}, {0=0, 1=0, 2=0, 3=0, 4=0, 5=0, 6=0, 7=0, 8=426, 9=0, 10=0}, {0=0, 1=0, 2=0, 3=0, 4=0, 5=200, 6=0, 7=0, 8=0, 9=0, 10=0}, {0=0, 1=0, 2=0, 3=0, 4=0, 5=179, 6=0, 7=0, 8=0, 9=0, 10=0}, {0=0, 1=0, 2=0, 3=0, 4=0, 5=204, 6=0, 7=0, 8=0, 9=0, 10=0}, {0=0, 1=0, 2=0, 3=0, 4=0, 5=0, 6=0, 7=0, 8=0, 9=142, 10=0}, {0=0, 1=0, 2=0, 3=0, 4=0, 5=0, 6=0, 7=0, 8=0, 9=120, 10=0}, {0=0, 1=0, 2=0, 3=0, 4=0, 5=0, 6=0, 7=0, 8=0, 9=566, 10=0}, {0=0, 1=0, 2=0, 3=0, 4=0, 5=0, 6=0, 7=0, 8=0, 9=0, 10=0}]
[{0=0, 1=0, 2=0, 3=0, 4=0, 5=0, 6=0, 7=0, 8=0, 9=0, 10=0}, {0=0, 1=0, 2=0, 3=0, 4=0, 5=0, 6=986, 7=0, 8=0, 9=0, 10=0}, {0=0, 1=0, 2=0, 3=0, 4=0, 5=0, 6=0, 7=0, 8=876, 9=0, 10=0}, {0=0, 1=0, 2=0, 3=0, 4=0, 5=0, 6=0, 7=0, 8=388, 9=0, 10=0}, {0=0, 1=0, 2=0, 3=0, 4=0, 5=216, 6=0, 7=0, 8=0, 9=0, 10=0}, {0=0, 1=0, 2=0, 3=0, 4=0, 5=224, 6=0, 7=0, 8=0, 9=0, 10=0}, {0=0, 1=0, 2=0, 3=0, 4=0, 5=215, 6=0, 7=0, 8=0, 9=0, 10=0}, {0=0, 1=0, 2=0, 3=0, 4=0, 5=0, 6=0, 7=0, 8=0, 9=139, 10=0}, {0=0, 1=0, 2=0, 3=0, 4=0, 5=0, 6=0, 7=0, 8=0, 9=122, 10=0}, {0=0, 1=0, 2=0, 3=0, 4=0, 5=0, 6=0, 7=0, 8=0, 9=573, 10=0}, {0=0, 1=0, 2=0, 3=0, 4=0, 5=0, 6=0, 7=0, 8=0, 9=0, 10=0}]
[{0=0, 1=0, 2=0, 3=0, 4=0, 5=0, 6=0, 7=0, 8=0, 9=0, 10=0}, {0=0, 1=0, 2=0, 3=0, 4=0, 5=0, 6=982, 7=0, 8=0, 9=0, 10=0}, {0=0, 1=0, 2=0, 3=0, 4=0, 5=0, 6=0, 7=0, 8=875, 9=0, 10=0}, {0=0, 1=0, 2=0, 3=0, 4=0, 5=0, 6=0, 7=0, 8=365, 9=0, 10=0}, {0=0, 1=0, 2=0, 3=0, 4=0, 5=190, 6=0, 7=0, 8=0, 9=0, 10=0}, {0=0, 1=0, 2=0, 3=0, 4=0, 5=185, 6=0, 7=0, 8=0, 9=0, 10=0}, {0=0, 1=0, 2=0, 3=0, 4=0, 5=198, 6=0, 7=0, 8=0, 9=0, 10=0}, {0=0, 1=0, 2=0, 3=0, 4=0, 5=0, 6=0, 7=0, 8=0, 9=129, 10=0}, {0=0, 1=0, 2=0, 3=0, 4=0, 5=0, 6=0, 7=0, 8=0, 9=135, 10=0}, {0=0, 1=0, 2=0, 3=0, 4=0, 5=0, 6=0, 7=0, 8=0, 9=596, 10=0}, {0=0, 1=0, 2=0, 3=0, 4=0, 5=0, 6=0, 7=0, 8=0, 9=0, 10=0}]
[{0=0, 1=0, 2=0, 3=0, 4=0, 5=0, 6=0, 7=0, 8=0, 9=0, 10=0}, {0=0, 1=0, 2=0, 3=0, 4=0, 5=0, 6=975, 7=0, 8=0, 9=0, 10=0}, {0=0, 1=0, 2=0, 3=0, 4=0, 5=0, 6=0, 7=0, 8=827, 9=0, 10=0}, {0=0, 1=0, 2=0, 3=0, 4=0, 5=0, 6=0, 7=0, 8=411, 9=0, 10=0}, {0=0, 1=0, 2=0, 3=0, 4=0, 5=178, 6=0, 7=0, 8=0, 9=0, 10=0}, {0=0, 1=0, 2=0, 3=0, 4=0, 5=199, 6=0, 7=0, 8=0, 9=0, 10=0}, {0=0, 1=0, 2=0, 3=0, 4=0, 5=192, 6=0, 7=0, 8=0, 9=0, 10=0}, {0=0, 1=0, 2=0, 3=0, 4=0, 5=0, 6=0, 7=0, 8=0, 9=129, 10=0}, {0=0, 1=0, 2=0, 3=0, 4=0, 5=0, 6=0, 7=0, 8=0, 9=112, 10=0}, {0=0, 1=0, 2=0, 3=0, 4=0, 5=0, 6=0, 7=0, 8=0, 9=569, 10=0}, {0=0, 1=0, 2=0, 3=0, 4=0, 5=0, 6=0, 7=0, 8=0, 9=0, 10=0}]
[{0=0, 1=0, 2=0, 3=0, 4=0, 5=0, 6=0, 7=0, 8=0, 9=0, 10=0}, {0=0, 1=0, 2=0, 3=0, 4=0, 5=0, 6=948, 7=0, 8=0, 9=0, 10=0}, {0=0, 1=0, 2=0, 3=0, 4=0, 5=0, 6=0, 7=0, 8=860, 9=0, 10=0}, {0=0, 1=0, 2=0, 3=0, 4=0, 5=0, 6=0, 7=0, 8=382, 9=0, 10=0}, {0=0, 1=0, 2=0, 3=0, 4=0, 5=174, 6=0, 7=0, 8=0, 9=0, 10=0}, {0=0, 1=0, 2=0, 3=0, 4=0, 5=165, 6=0, 7=0, 8=0, 9=0, 10=0}, {0=0, 1=0, 2=0, 3=0, 4=0, 5=159, 6=0, 7=0, 8=0, 9=0, 10=0}, {0=0, 1=0, 2=0, 3=0, 4=0, 5=0, 6=0, 7=0, 8=0, 9=157, 10=0}, {0=0, 1=0, 2=0, 3=0, 4=0, 5=0, 6=0, 7=0, 8=0, 9=143, 10=0}, {0=0, 1=0, 2=0, 3=0, 4=0, 5=0, 6=0, 7=0, 8=0, 9=574, 10=0}, {0=0, 1=0, 2=0, 3=0, 4=0, 5=0, 6=0, 7=0, 8=0, 9=0, 10=0}]
[{0=0, 1=0, 2=0, 3=0, 4=0, 5=0, 6=0, 7=0, 8=0, 9=0, 10=0}, {0=0, 1=0, 2=0, 3=0, 4=0, 5=0, 6=1144, 7=0, 8=0, 9=0, 10=0}, {0=0, 1=0, 2=0, 3=0, 4=0, 5=0, 6=0, 7=0, 8=964, 9=0, 10=0}, {0=0, 1=0, 2=0, 3=0, 4=0, 5=0, 6=0, 7=0, 8=437, 9=0, 10=0}, {0=0, 1=0, 2=0, 3=0, 4=0, 5=207, 6=0, 7=0, 8=0, 9=0, 10=0}, {0=0, 1=0, 2=0, 3=0, 4=0, 5=179, 6=0, 7=0, 8=0, 9=0, 10=0}, {0=0, 1=0, 2=0, 3=0, 4=0, 5=190, 6=0, 7=0, 8=0, 9=0, 10=0}, {0=0, 1=0, 2=0, 3=0, 4=0, 5=0, 6=0, 7=0, 8=0, 9=133, 10=0}, {0=0, 1=0, 2=0, 3=0, 4=0, 5=0, 6=0, 7=0, 8=0, 9=109, 10=0}, {0=0, 1=0, 2=0, 3=0, 4=0, 5=0, 6=0, 7=0, 8=0, 9=576, 10=0}, {0=0, 1=0, 2=0, 3=0, 4=0, 5=0, 6=0, 7=0, 8=0, 9=0, 10=0}]
[{0=0, 1=0, 2=0, 3=0, 4=0, 5=0, 6=0, 7=0, 8=0, 9=0, 10=0}, {0=0, 1=0, 2=0, 3=0, 4=0, 5=0, 6=948, 7=0, 8=0, 9=0, 10=0}, {0=0, 1=0, 2=0, 3=0, 4=0, 5=0, 6=0, 7=0, 8=860, 9=0, 10=0}, {0=0, 1=0, 2=0, 3=0, 4=0, 5=0, 6=0, 7=0, 8=382, 9=0, 10=0}, {0=0, 1=0, 2=0, 3=0, 4=0, 5=174, 6=0, 7=0, 8=0, 9=0, 10=0}, {0=0, 1=0, 2=0, 3=0, 4=0, 5=165, 6=0, 7=0, 8=0, 9=0, 10=0}, {0=0, 1=0, 2=0, 3=0, 4=0, 5=159, 6=0, 7=0, 8=0, 9=0, 10=0}, {0=0, 1=0, 2=0, 3=0, 4=0, 5=0, 6=0, 7=0, 8=0, 9=157, 10=0}, {0=0, 1=0, 2=0, 3=0, 4=0, 5=0, 6=0, 7=0, 8=0, 9=143, 10=0}, {0=0, 1=0, 2=0, 3=0, 4=0, 5=0, 6=0, 7=0, 8=0, 9=574, 10=0}, {0=0, 1=0, 2=0, 3=0, 4=0, 5=0, 6=0, 7=0, 8=0, 9=0, 10=0}]
[{0=0, 1=0, 2=0, 3=0, 4=0, 5=0, 6=0, 7=0, 8=0, 9=0, 10=0}, {0=0, 1=0, 2=0, 3=0, 4=0, 5=0, 6=948, 7=0, 8=0, 9=0, 10=0}, {0=0, 1=0, 2=0, 3=0, 4=0, 5=0, 6=0, 7=0, 8=860, 9=0, 10=0}, {0=0, 1=0, 2=0, 3=0, 4=0, 5=0, 6=0, 7=0, 8=382, 9=0, 10=0}, {0=0, 1=0, 2=0, 3=0, 4=0, 5=174, 6=0, 7=0, 8=0, 9=0, 10=0}, {0=0, 1=0, 2=0, 3=0, 4=0, 5=165, 6=0, 7=0, 8=0, 9=0, 10=0}, {0=0, 1=0, 2=0, 3=0, 4=0, 5=159, 6=0, 7=0, 8=0, 9=0, 10=0}, {0=0, 1=0, 2=0, 3=0, 4=0, 5=0, 6=0, 7=0, 8=0, 9=157, 10=0}, {0=0, 1=0, 2=0, 3=0, 4=0, 5=0, 6=0, 7=0, 8=0, 9=143, 10=0}, {0=0, 1=0, 2=0, 3=0, 4=0, 5=0, 6=0, 7=0, 8=0, 9=574, 10=0}, {0=0, 1=0, 2=0, 3=0, 4=0, 5=0, 6=0, 7=0, 8=0, 9=0, 10=0}]
[{0=0, 1=0, 2=0, 3=0, 4=0, 5=0, 6=0, 7=0, 8=0, 9=0, 10=0}, {0=0, 1=0, 2=0, 3=0, 4=0, 5=0, 6=948, 7=0, 8=0, 9=0, 10=0}, {0=0, 1=0, 2=0, 3=0, 4=0, 5=0, 6=0, 7=0, 8=860, 9=0, 10=0}, {0=0, 1=0, 2=0, 3=0, 4=0, 5=0, 6=0, 7=0, 8=382, 9=0, 10=0}, {0=0, 1=0, 2=0, 3=0, 4=0, 5=174, 6=0, 7=0, 8=0, 9=0, 10=0}, {0=0, 1=0, 2=0, 3=0, 4=0, 5=165, 6=0, 7=0, 8=0, 9=0, 10=0}, {0=0, 1=0, 2=0, 3=0, 4=0, 5=159, 6=0, 7=0, 8=0, 9=0, 10=0}, {0=0, 1=0, 2=0, 3=0, 4=0, 5=0, 6=0, 7=0, 8=0, 9=157, 10=0}, {0=0, 1=0, 2=0, 3=0, 4=0, 5=0, 6=0, 7=0, 8=0, 9=143, 10=0}, {0=0, 1=0, 2=0, 3=0, 4=0, 5=0, 6=0, 7=0, 8=0, 9=574, 10=0}, {0=0, 1=0, 2=0, 3=0, 4=0, 5=0, 6=0, 7=0, 8=0, 9=0, 10=0}]
