[{0=0, 1=0, 2=0, 3=0, 4=0, 5=0, 6=0, 7=0, 8=0, 9=0, 10=0}, {0=0, 1=0, 2=0, 3=0, 4=0, 5=0, 6=0, 7=129, 8=0, 9=0, 10=0}, {0=0, 1=0, 2=0, 3=0, 4=0, 5=0, 6=0, 7=0, 8=0, 9=0, 10=69}, {0=0, 1=0, 2=0, 3=0, 4=0, 5=0, 6=0, 7=0, 8=13, 9=0, 10=0}, {0=0, 1=0, 2=0, 3=0, 4=0, 5=0, 6=0, 7=0, 8=0, 9=3472, 10=0}, {0=0, 1=0, 2=5524, 3=0, 4=0, 5=0, 6=0, 7=0, 8=0, 9=0, 10=0}, {0=0, 1=0, 2=0, 3=0, 4=0, 5=0, 6=0, 7=0, 8=0, 9=0, 10=68}, {0=0, 1=0, 2=143, 3=0, 4=0, 5=0, 6=0, 7=0, 8=0, 9=0, 10=0}, {0=0, 1=0, 2=0, 3=0, 4=0, 5=0, 6=0, 7=0, 8=0, 9=0, 10=122}, {0=0, 1=0, 2=0, 3=0, 4=0, 5=0, 6=0, 7=0, 8=0, 9=0, 10=340}, {0=0, 1=0, 2=0, 3=0, 4=0, 5=0, 6=0, 7=0, 8=0, 9=0, 10=0}]
[{0=1, 1=1, 2=5, 3=1, 4=2, 5=3, 6=1, 7=5, 8=0, 9=5, 10=3}, {0=0, 1=0, 2=0, 3=0, 4=0, 5=0, 6=0, 7=0, 8=0, 9=0, 10=249}, {0=0, 1=0, 2=0, 3=0, 4=0, 5=0, 6=0, 7=0, 8=0, 9=0, 10=457}, {0=0, 1=0, 2=0, 3=0, 4=0, 5=0, 6=0, 7=0, 8=182, 9=0, 10=0}, {0=0, 1=0, 2=78, 3=0, 4=0, 5=0, 6=0, 7=0, 8=0, 9=0, 10=0}, {0=0, 1=0, 2=0, 3=0, 4=0, 5=0, 6=0, 7=0, 8=78, 9=0, 10=0}, {0=0, 1=0, 2=0, 3=0, 4=0, 5=0, 6=0, 7=0, 8=88, 9=0, 10=0}, {0=0, 1=0, 2=0, 3=0, 4=0, 5=0, 6=0, 7=89, 8=0, 9=0, 10=0}, {0=0, 1=0, 2=0, 3=0, 4=0, 5=111, 6=0, 7=0, 8=0, 9=0, 10=0}, {0=0, 1=0, 2=0, 3=0, 4=0, 5=0, 6=0, 7=0, 8=0, 9=269, 10=0}, {0=0, 1=2, 2=0, 3=0, 4=1, 5=2, 6=0, 7=2, 8=0, 9=2, 10=0}]
[{0=5, 1=2, 2=1, 3=3, 4=4, 5=2, 6=1, 7=5, 8=2, 9=1, 10=3}, {0=0, 1=0, 2=0, 3=0, 4=0, 5=0, 6=0, 7=0, 8=293, 9=0, 10=0}, {0=0, 1=0, 2=0, 3=0, 4=0, 5=0, 6=0, 7=0, 8=0, 9=0, 10=439}, {0=0, 1=0, 2=0, 3=0, 4=0, 5=0, 6=0, 7=0, 8=0, 9=0, 10=226}, {0=0, 1=0, 2=94, 3=0, 4=0, 5=0, 6=0, 7=0, 8=0, 9=0, 10=0}, {0=0, 1=0, 2=0, 3=0, 4=0, 5=75, 6=0, 7=0, 8=0, 9=0, 10=0}, {0=0, 1=0, 2=0, 3=0, 4=0, 5=0, 6=0, 7=0, 8=69, 9=0, 10=0}, {0=0, 1=0, 2=0, 3=0, 4=0, 5=0, 6=0, 7=0, 8=0, 9=0, 10=92}, {0=0, 1=0, 2=0, 3=0, 4=0, 5=87, 6=0, 7=0, 8=0, 9=0, 10=0}, {0=0, 1=0, 2=0, 3=0, 4=0, 5=0, 6=0, 7=0, 8=0, 9=260, 10=0}, {0=0, 1=0, 2=0, 3=1, 4=2, 5=2, 6=2, 7=1, 8=1, 9=0, 10=1}]
[{0=3, 1=2, 2=2, 3=1, 4=2, 5=2, 6=1, 7=2, 8=2, 9=2, 10=2}, {0=0, 1=0, 2=0, 3=0, 4=0, 5=0, 6=0, 7=0, 8=0, 9=0, 10=208}, {0=0, 1=0, 2=0, 3=0, 4=0, 5=0, 6=0, 7=0, 8=0, 9=398, 10=0}, {0=0, 1=0, 2=0, 3=0, 4=0, 5=0, 6=0, 7=0, 8=0, 9=0, 10=210}, {0=0, 1=0, 2=0, 3=0, 4=0, 5=0, 6=0, 7=0, 8=0, 9=86, 10=0}, {0=0, 1=0, 2=0, 3=0, 4=0, 5=0, 6=84, 7=0, 8=0, 9=0, 10=0}, {0=0, 1=0, 2=0, 3=0, 4=0, 5=0, 6=0, 7=0, 8=71, 9=0, 10=0}, {0=0, 1=0, 2=0, 3=0, 4=0, 5=0, 6=0, 7=171, 8=0, 9=0, 10=0}, {0=116, 1=0, 2=0, 3=0, 4=0, 5=0, 6=0, 7=0, 8=0, 9=0, 10=0}, {0=0, 1=0, 2=0, 3=0, 4=0, 5=0, 6=0, 7=655, 8=0, 9=0, 10=0}, {0=0, 1=0, 2=1, 3=1, 4=1, 5=0, 6=0, 7=1, 8=2, 9=1, 10=0}]
[{0=6, 1=6, 2=7, 3=7, 4=5, 5=4, 6=6, 7=6, 8=9, 9=8, 10=9}, {0=0, 1=0, 2=0, 3=0, 4=0, 5=0, 6=0, 7=0, 8=0, 9=360, 10=0}, {0=0, 1=0, 2=0, 3=0, 4=0, 5=0, 6=0, 7=0, 8=0, 9=0, 10=258}, {0=0, 1=0, 2=0, 3=0, 4=0, 5=0, 6=0, 7=0, 8=0, 9=0, 10=87}, {0=0, 1=0, 2=0, 3=0, 4=0, 5=0, 6=0, 7=0, 8=0, 9=55, 10=0}, {0=0, 1=0, 2=0, 3=0, 4=0, 5=0, 6=64, 7=0, 8=0, 9=0, 10=0}, {0=0, 1=0, 2=0, 3=0, 4=0, 5=0, 6=0, 7=0, 8=71, 9=0, 10=0}, {0=0, 1=0, 2=0, 3=0, 4=0, 5=0, 6=0, 7=0, 8=0, 9=51, 10=0}, {0=0, 1=0, 2=0, 3=0, 4=0, 5=0, 6=0, 7=0, 8=0, 9=55, 10=0}, {0=0, 1=0, 2=0, 3=0, 4=0, 5=0, 6=0, 7=0, 8=0, 9=0, 10=202}, {0=12, 1=16, 2=17, 3=10, 4=6, 5=19, 6=15, 7=13, 8=8, 9=15, 10=17}]
[{0=1, 1=1, 2=3, 3=1, 4=0, 5=4, 6=2, 7=4, 8=2, 9=3, 10=0}, {0=0, 1=0, 2=0, 3=0, 4=0, 5=0, 6=0, 7=0, 8=0, 9=255, 10=0}, {0=0, 1=0, 2=0, 3=0, 4=0, 5=0, 6=0, 7=0, 8=0, 9=367, 10=0}, {0=0, 1=0, 2=0, 3=0, 4=0, 5=0, 6=0, 7=0, 8=0, 9=0, 10=171}, {0=0, 1=0, 2=0, 3=0, 4=0, 5=0, 6=0, 7=0, 8=0, 9=58, 10=0}, {0=0, 1=0, 2=0, 3=0, 4=0, 5=0, 6=76, 7=0, 8=0, 9=0, 10=0}, {0=86, 1=0, 2=0, 3=0, 4=0, 5=0, 6=0, 7=0, 8=0, 9=0, 10=0}, {0=0, 1=0, 2=0, 3=0, 4=0, 5=0, 6=0, 7=0, 8=0, 9=0, 10=66}, {0=0, 1=0, 2=0, 3=0, 4=0, 5=0, 6=0, 7=0, 8=0, 9=0, 10=61}, {0=0, 1=0, 2=0, 3=0, 4=0, 5=0, 6=0, 7=0, 8=0, 9=207, 10=0}, {0=1, 1=0, 2=1, 3=0, 4=0, 5=0, 6=1, 7=1, 8=0, 9=2, 10=0}]
[{0=0, 1=0, 2=0, 3=0, 4=0, 5=0, 6=0, 7=0, 8=0, 9=0, 10=0}, {0=419, 1=0, 2=0, 3=0, 4=0, 5=0, 6=0, 7=0, 8=0, 9=0, 10=0}, {0=0, 1=0, 2=0, 3=0, 4=0, 5=9443, 6=0, 7=0, 8=0, 9=0, 10=0}, {0=0, 1=0, 2=0, 3=0, 4=0, 5=0, 6=0, 7=0, 8=0, 9=0, 10=18}, {0=0, 1=0, 2=0, 3=0, 4=0, 5=0, 6=0, 7=0, 8=0, 9=0, 10=0}, {0=0, 1=0, 2=0, 3=0, 4=0, 5=0, 6=0, 7=0, 8=0, 9=0, 10=0}, {0=0, 1=0, 2=0, 3=0, 4=0, 5=0, 6=0, 7=0, 8=0, 9=0, 10=0}, {0=0, 1=0, 2=0, 3=0, 4=0, 5=0, 6=0, 7=0, 8=0, 9=0, 10=0}, {0=0, 1=0, 2=0, 3=0, 4=0, 5=0, 6=0, 7=0, 8=0, 9=0, 10=0}, {0=0, 1=0, 2=0, 3=0, 4=0, 5=0, 6=0, 7=0, 8=0, 9=0, 10=0}, {0=0, 1=0, 2=0, 3=0, 4=0, 5=0, 6=0, 7=0, 8=0, 9=0, 10=0}]
[{0=0, 1=0, 2=0, 3=0, 4=0, 5=0, 6=0, 7=0, 8=0, 9=0, 10=0}, {0=0, 1=0, 2=0, 3=0, 4=0, 5=0, 6=0, 7=0, 8=0, 9=0, 10=79}, {0=0, 1=0, 2=0, 3=0, 4=0, 5=0, 6=0, 7=0, 8=0, 9=34, 10=0}, {0=0, 1=0, 2=0, 3=0, 4=0, 5=0, 6=0, 7=0, 8=0, 9=0, 10=14}, {0=0, 1=0, 2=0, 3=0, 4=0, 5=0, 6=0, 7=0, 8=0, 9=3, 10=0}, {0=0, 1=0, 2=0, 3=0, 4=0, 5=0, 6=4, 7=0, 8=0, 9=0, 10=0}, {0=0, 1=0, 2=0, 3=0, 4=0, 5=0, 6=0, 7=0, 8=0, 9=0, 10=15}, {0=0, 1=0, 2=0, 3=0, 4=9724, 5=0, 6=0, 7=0, 8=0, 9=0, 10=0}, {0=0, 1=2, 2=0, 3=0, 4=0, 5=0, 6=0, 7=0, 8=0, 9=0, 10=0}, {0=0, 1=0, 2=0, 3=0, 4=0, 5=0, 6=0, 7=0, 8=0, 9=0, 10=5}, {0=0, 1=0, 2=0, 3=0, 4=0, 5=0, 6=0, 7=0, 8=0, 9=0, 10=0}]
[{0=0, 1=0, 2=0, 3=0, 4=0, 5=0, 6=0, 7=0, 8=0, 9=0, 10=0}, {0=0, 1=0, 2=0, 3=0, 4=0, 5=0, 6=0, 7=0, 8=0, 9=0, 10=20}, {0=0, 1=0, 2=0, 3=0, 4=0, 5=0, 6=0, 7=0, 8=0, 9=36, 10=0}, {0=0, 1=0, 2=0, 3=0, 4=0, 5=0, 6=0, 7=0, 8=0, 9=0, 10=12}, {0=0, 1=0, 2=0, 3=0, 4=0, 5=0, 6=0, 7=0, 8=0, 9=3, 10=0}, {0=0, 1=0, 2=0, 3=0, 4=0, 5=0, 6=0, 7=0, 8=5, 9=0, 10=0}, {0=0, 1=0, 2=0, 3=0, 4=0, 5=0, 6=0, 7=0, 8=0, 9=0, 10=2}, {0=0, 1=0, 2=0, 3=0, 4=0, 5=0, 6=0, 7=16, 8=0, 9=0, 10=0}, {0=0, 1=0, 2=0, 3=9664, 4=0, 5=0, 6=0, 7=0, 8=0, 9=0, 10=0}, {0=0, 1=0, 2=0, 3=0, 4=0, 5=0, 6=0, 7=0, 8=0, 9=122, 10=0}, {0=0, 1=0, 2=0, 3=0, 4=0, 5=0, 6=0, 7=0, 8=0, 9=0, 10=0}]
[{0=7, 1=9, 2=7, 3=6, 4=10, 5=5, 6=7, 7=6, 8=10, 9=5, 10=8}, {0=0, 1=0, 2=0, 3=0, 4=0, 5=0, 6=0, 7=0, 8=0, 9=0, 10=133}, {0=0, 1=0, 2=0, 3=0, 4=0, 5=0, 6=0, 7=0, 8=0, 9=0, 10=150}, {0=0, 1=0, 2=0, 3=0, 4=0, 5=0, 6=0, 7=0, 8=0, 9=0, 10=58}, {0=0, 1=0, 2=0, 3=0, 4=0, 5=0, 6=0, 7=0, 8=0, 9=40, 10=0}, {0=0, 1=0, 2=0, 3=0, 4=0, 5=0, 6=0, 7=0, 8=53, 9=0, 10=0}, {0=0, 1=0, 2=0, 3=0, 4=0, 5=0, 6=0, 7=0, 8=0, 9=57, 10=0}, {0=0, 1=0, 2=0, 3=0, 4=0, 5=0, 6=0, 7=0, 8=0, 9=0, 10=55}, {0=0, 1=0, 2=0, 3=0, 4=0, 5=0, 6=0, 7=0, 8=0, 9=64, 10=0}, {0=0, 1=0, 2=0, 3=0, 4=0, 5=0, 6=0, 7=0, 8=0, 9=186, 10=0}, {0=10, 1=7, 2=5, 3=9, 4=4, 5=7, 6=5, 7=3, 8=4, 9=5, 10=4}]
[{0=0, 1=0, 2=0, 3=0, 4=0, 5=0, 6=0, 7=0, 8=0, 9=0, 10=0}, {0=0, 1=0, 2=0, 3=0, 4=0, 5=0, 6=0, 7=0, 8=0, 9=0, 10=20}, {0=0, 1=0, 2=0, 3=0, 4=0, 5=0, 6=0, 7=0, 8=0, 9=0, 10=35}, {0=0, 1=0, 2=0, 3=0, 4=0, 5=0, 6=0, 7=0, 8=0, 9=0, 10=44}, {0=0, 1=0, 2=0, 3=0, 4=6477, 5=0, 6=0, 7=0, 8=0, 9=0, 10=0}, {0=198, 1=0, 2=0, 3=0, 4=0, 5=0, 6=0, 7=0, 8=0, 9=0, 10=0}, {0=0, 1=0, 2=0, 3=0, 4=0, 5=136, 6=0, 7=0, 8=0, 9=0, 10=0}, {0=0, 1=0, 2=0, 3=0, 4=0, 5=0, 6=0, 7=0, 8=328, 9=0, 10=0}, {0=1184, 1=0, 2=0, 3=0, 4=0, 5=0, 6=0, 7=0, 8=0, 9=0, 10=0}, {0=0, 1=0, 2=0, 3=0, 4=0, 5=0, 6=1458, 7=0, 8=0, 9=0, 10=0}, {0=0, 1=0, 2=0, 3=0, 4=0, 5=0, 6=0, 7=0, 8=0, 9=0, 10=0}]
[{0=0, 1=0, 2=0, 3=0, 4=0, 5=0, 6=0, 7=0, 8=0, 9=0, 10=0}, {0=0, 1=0, 2=0, 3=0, 4=0, 5=0, 6=0, 7=0, 8=0, 9=0, 10=79}, {0=0, 1=0, 2=0, 3=0, 4=0, 5=0, 6=0, 7=0, 8=0, 9=0, 10=167}, {0=0, 1=0, 2=0, 3=0, 4=0, 5=8178, 6=0, 7=0, 8=0, 9=0, 10=0}, {0=0, 1=0, 2=0, 3=0, 4=391, 5=0, 6=0, 7=0, 8=0, 9=0, 10=0}, {0=0, 1=0, 2=0, 3=0, 4=0, 5=0, 6=0, 7=77, 8=0, 9=0, 10=0}, {0=0, 1=0, 2=0, 3=0, 4=0, 5=65, 6=0, 7=0, 8=0, 9=0, 10=0}, {0=0, 1=0, 2=0, 3=0, 4=0, 5=109, 6=0, 7=0, 8=0, 9=0, 10=0}, {0=0, 1=0, 2=0, 3=0, 4=0, 5=0, 6=0, 7=146, 8=0, 9=0, 10=0}, {0=0, 1=0, 2=0, 3=0, 4=0, 5=0, 6=0, 7=668, 8=0, 9=0, 10=0}, {0=0, 1=0, 2=0, 3=0, 4=0, 5=0, 6=0, 7=0, 8=0, 9=0, 10=0}]
[{0=2, 1=1, 2=3, 3=4, 4=3, 5=5, 6=1, 7=2, 8=3, 9=0, 10=3}, {0=0, 1=0, 2=0, 3=0, 4=0, 5=0, 6=0, 7=305, 8=0, 9=0, 10=0}, {0=0, 1=0, 2=0, 3=0, 4=0, 5=0, 6=0, 7=0, 8=0, 9=462, 10=0}, {0=0, 1=0, 2=0, 3=0, 4=0, 5=0, 6=0, 7=0, 8=0, 9=225, 10=0}, {0=0, 1=0, 2=0, 3=0, 4=0, 5=67, 6=0, 7=0, 8=0, 9=0, 10=0}, {0=0, 1=0, 2=0, 3=0, 4=0, 5=0, 6=0, 7=75, 8=0, 9=0, 10=0}, {0=0, 1=68, 2=0, 3=0, 4=0, 5=0, 6=0, 7=0, 8=0, 9=0, 10=0}, {0=0, 1=0, 2=0, 3=0, 4=0, 5=0, 6=0, 7=0, 8=0, 9=76, 10=0}, {0=0, 1=0, 2=0, 3=0, 4=0, 5=0, 6=0, 7=0, 8=80, 9=0, 10=0}, {0=0, 1=0, 2=0, 3=0, 4=0, 5=0, 6=0, 7=0, 8=0, 9=0, 10=243}, {0=0, 1=2, 2=2, 3=0, 4=1, 5=0, 6=0, 7=0, 8=0, 9=1, 10=4}]
[{0=0, 1=0, 2=0, 3=0, 4=0, 5=0, 6=0, 7=0, 8=0, 9=0, 10=0}, {0=0, 1=0, 2=0, 3=0, 4=0, 5=0, 6=0, 7=25, 8=0, 9=0, 10=0}, {0=0, 1=0, 2=0, 3=0, 4=0, 5=0, 6=0, 7=0, 8=0, 9=0, 10=49}, {0=0, 1=0, 2=0, 3=0, 4=0, 5=3254, 6=0, 7=0, 8=0, 9=0, 10=0}, {0=0, 1=0, 2=0, 3=0, 4=5860, 5=0, 6=0, 7=0, 8=0, 9=0, 10=0}, {0=0, 1=0, 2=0, 3=0, 4=0, 5=0, 6=0, 7=0, 8=61, 9=0, 10=0}, {0=0, 1=0, 2=0, 3=0, 4=0, 5=0, 6=83, 7=0, 8=0, 9=0, 10=0}, {0=0, 1=115, 2=0, 3=0, 4=0, 5=0, 6=0, 7=0, 8=0, 9=0, 10=0}, {0=0, 1=0, 2=0, 3=0, 4=0, 5=0, 6=0, 7=0, 8=123, 9=0, 10=0}, {0=0, 1=0, 2=0, 3=0, 4=0, 5=0, 6=0, 7=0, 8=0, 9=0, 10=310}, {0=0, 1=0, 2=0, 3=0, 4=0, 5=0, 6=0, 7=0, 8=0, 9=0, 10=0}]
[{0=51, 1=41, 2=39, 3=46, 4=52, 5=41, 6=38, 7=57, 8=39, 9=39, 10=33}, {0=0, 1=0, 2=0, 3=0, 4=0, 5=9399, 6=0, 7=0, 8=0, 9=0, 10=0}, {0=0, 1=0, 2=0, 3=0, 4=0, 5=0, 6=0, 7=0, 8=0, 9=5, 10=0}, {0=0, 1=0, 2=0, 3=0, 4=0, 5=0, 6=0, 7=0, 8=0, 9=0, 10=0}, {0=0, 1=0, 2=0, 3=0, 4=0, 5=0, 6=0, 7=0, 8=0, 9=0, 10=0}, {0=0, 1=0, 2=0, 3=0, 4=0, 5=0, 6=0, 7=0, 8=0, 9=0, 10=0}, {0=0, 1=0, 2=0, 3=0, 4=0, 5=0, 6=0, 7=0, 8=0, 9=0, 10=0}, {0=0, 1=0, 2=0, 3=0, 4=0, 5=0, 6=0, 7=0, 8=0, 9=0, 10=0}, {0=0, 1=0, 2=0, 3=0, 4=0, 5=0, 6=0, 7=0, 8=0, 9=0, 10=0}, {0=0, 1=0, 2=0, 3=0, 4=0, 5=0, 6=0, 7=0, 8=0, 9=0, 10=0}, {0=0, 1=0, 2=0, 3=0, 4=0, 5=0, 6=0, 7=0, 8=0, 9=0, 10=0}]
[{0=4, 1=2, 2=2, 3=2, 4=1, 5=3, 6=4, 7=2, 8=3, 9=4, 10=1}, {0=0, 1=0, 2=0, 3=0, 4=0, 5=0, 6=0, 7=0, 8=0, 9=0, 10=213}, {0=0, 1=0, 2=0, 3=0, 4=0, 5=0, 6=0, 7=0, 8=0, 9=406, 10=0}, {0=0, 1=0, 2=0, 3=0, 4=0, 5=0, 6=173, 7=0, 8=0, 9=0, 10=0}, {0=0, 1=0, 2=0, 3=0, 4=0, 5=0, 6=0, 7=0, 8=0, 9=68, 10=0}, {0=0, 1=0, 2=0, 3=0, 4=0, 5=0, 6=0, 7=0, 8=70, 9=0, 10=0}, {0=0, 1=0, 2=0, 3=0, 4=0, 5=76, 6=0, 7=0, 8=0, 9=0, 10=0}, {0=0, 1=0, 2=0, 3=0, 4=0, 5=0, 6=0, 7=0, 8=0, 9=0, 10=91}, {0=0, 1=0, 2=0, 3=0, 4=0, 5=0, 6=0, 7=0, 8=0, 9=78, 10=0}, {0=0, 1=0, 2=0, 3=0, 4=0, 5=0, 6=0, 7=0, 8=252, 9=0, 10=0}, {0=0, 1=2, 2=1, 3=1, 4=0, 5=0, 6=3, 7=1, 8=1, 9=0, 10=0}]
[{0=0, 1=0, 2=0, 3=0, 4=0, 5=0, 6=0, 7=0, 8=0, 9=0, 10=0}, {0=0, 1=0, 2=0, 3=0, 4=0, 5=0, 6=0, 7=0, 8=0, 9=0, 10=291}, {0=0, 1=0, 2=0, 3=0, 4=0, 5=0, 6=0, 7=0, 8=0, 9=0, 10=465}, {0=0, 1=0, 2=0, 3=8192, 4=0, 5=0, 6=0, 7=0, 8=0, 9=0, 10=0}, {0=0, 1=0, 2=0, 3=0, 4=0, 5=0, 6=0, 7=138, 8=0, 9=0, 10=0}, {0=0, 1=0, 2=0, 3=0, 4=0, 5=0, 6=90, 7=0, 8=0, 9=0, 10=0}, {0=0, 1=0, 2=0, 3=0, 4=0, 5=0, 6=91, 7=0, 8=0, 9=0, 10=0}, {0=0, 1=0, 2=0, 3=0, 4=0, 5=0, 6=102, 7=0, 8=0, 9=0, 10=0}, {0=0, 1=0, 2=0, 3=0, 4=0, 5=0, 6=0, 7=181, 8=0, 9=0, 10=0}, {0=0, 1=0, 2=0, 3=0, 4=0, 5=0, 6=0, 7=0, 8=0, 9=330, 10=0}, {0=0, 1=0, 2=0, 3=0, 4=0, 5=0, 6=0, 7=0, 8=0, 9=0, 10=0}]
[{0=5, 1=6, 2=5, 3=2, 4=3, 5=3, 6=1, 7=2, 8=4, 9=2, 10=6}, {0=0, 1=0, 2=0, 3=0, 4=0, 5=0, 6=0, 7=252, 8=0, 9=0, 10=0}, {0=0, 1=0, 2=0, 3=0, 4=0, 5=0, 6=0, 7=0, 8=0, 9=0, 10=489}, {0=0, 1=0, 2=0, 3=0, 4=0, 5=0, 6=0, 7=247, 8=0, 9=0, 10=0}, {0=0, 1=0, 2=84, 3=0, 4=0, 5=0, 6=0, 7=0, 8=0, 9=0, 10=0}, {0=0, 1=0, 2=0, 3=0, 4=0, 5=0, 6=0, 7=0, 8=0, 9=0, 10=77}, {0=0, 1=0, 2=0, 3=0, 4=0, 5=0, 6=77, 7=0, 8=0, 9=0, 10=0}, {0=0, 1=0, 2=0, 3=0, 4=0, 5=0, 6=0, 7=83, 8=0, 9=0, 10=0}, {0=0, 1=0, 2=0, 3=0, 4=0, 5=0, 6=0, 7=0, 8=105, 9=0, 10=0}, {0=0, 1=0, 2=0, 3=0, 4=0, 5=0, 6=0, 7=0, 8=0, 9=0, 10=263}, {0=3, 1=0, 2=2, 3=1, 4=0, 5=1, 6=0, 7=1, 8=4, 9=5, 10=0}]
[{0=0, 1=0, 2=0, 3=0, 4=0, 5=0, 6=0, 7=0, 8=0, 9=0, 10=0}, {0=0, 1=0, 2=0, 3=0, 4=0, 5=0, 6=0, 7=0, 8=0, 9=0, 10=20}, {0=53, 1=0, 2=0, 3=0, 4=0, 5=0, 6=0, 7=0, 8=0, 9=0, 10=0}, {0=0, 1=0, 2=0, 3=9807, 4=0, 5=0, 6=0, 7=0, 8=0, 9=0, 10=0}, {0=0, 1=0, 2=0, 3=0, 4=0, 5=0, 6=0, 7=0, 8=0, 9=0, 10=0}, {0=0, 1=0, 2=0, 3=0, 4=0, 5=0, 6=0, 7=0, 8=0, 9=0, 10=0}, {0=0, 1=0, 2=0, 3=0, 4=0, 5=0, 6=0, 7=0, 8=0, 9=0, 10=0}, {0=0, 1=0, 2=0, 3=0, 4=0, 5=0, 6=0, 7=0, 8=0, 9=0, 10=0}, {0=0, 1=0, 2=0, 3=0, 4=0, 5=0, 6=0, 7=0, 8=0, 9=0, 10=0}, {0=0, 1=0, 2=0, 3=0, 4=0, 5=0, 6=0, 7=0, 8=0, 9=0, 10=0}, {0=0, 1=0, 2=0, 3=0, 4=0, 5=0, 6=0, 7=0, 8=0, 9=0, 10=0}]
[{0=0, 1=0, 2=0, 3=0, 4=0, 5=0, 6=0, 7=0, 8=0, 9=0, 10=0}, {0=0, 1=0, 2=0, 3=0, 4=0, 5=0, 6=0, 7=0, 8=0, 9=89, 10=0}, {0=0, 1=2881, 2=0, 3=0, 4=0, 5=0, 6=0, 7=0, 8=0, 9=0, 10=0}, {0=0, 1=0, 2=0, 3=6910, 4=0, 5=0, 6=0, 7=0, 8=0, 9=0, 10=0}, {0=0, 1=0, 2=0, 3=0, 4=0, 5=0, 6=0, 7=0, 8=0, 9=0, 10=0}, {0=0, 1=0, 2=0, 3=0, 4=0, 5=0, 6=0, 7=0, 8=0, 9=0, 10=0}, {0=0, 1=0, 2=0, 3=0, 4=0, 5=0, 6=0, 7=0, 8=0, 9=0, 10=0}, {0=0, 1=0, 2=0, 3=0, 4=0, 5=0, 6=0, 7=0, 8=0, 9=0, 10=0}, {0=0, 1=0, 2=0, 3=0, 4=0, 5=0, 6=0, 7=0, 8=0, 9=0, 10=0}, {0=0, 1=0, 2=0, 3=0, 4=0, 5=0, 6=0, 7=0, 8=0, 9=0, 10=0}, {0=0, 1=0, 2=0, 3=0, 4=0, 5=0, 6=0, 7=0, 8=0, 9=0, 10=0}]
[{0=0, 1=0, 2=0, 3=0, 4=0, 5=0, 6=0, 7=0, 8=0, 9=0, 10=0}, {0=0, 1=0, 2=0, 3=0, 4=0, 5=0, 6=0, 7=0, 8=0, 9=31, 10=0}, {0=0, 1=0, 2=0, 3=0, 4=0, 5=0, 6=0, 7=0, 8=0, 9=39, 10=0}, {0=0, 1=0, 2=0, 3=0, 4=0, 5=0, 6=0, 7=10, 8=0, 9=0, 10=0}, {0=0, 1=0, 2=0, 3=0, 4=0, 5=0, 6=6, 7=0, 8=0, 9=0, 10=0}, {0=0, 1=0, 2=5, 3=0, 4=0, 5=0, 6=0, 7=0, 8=0, 9=0, 10=0}, {0=0, 1=0, 2=0, 3=0, 4=0, 5=0, 6=4, 7=0, 8=0, 9=0, 10=0}, {0=0, 1=0, 2=0, 3=0, 4=0, 5=0, 6=0, 7=0, 8=25, 9=0, 10=0}, {0=0, 1=0, 2=0, 3=0, 4=0, 5=0, 6=0, 7=0, 8=71, 9=0, 10=0}, {0=0, 1=0, 2=0, 3=0, 4=0, 5=9689, 6=0, 7=0, 8=0, 9=0, 10=0}, {0=0, 1=0, 2=0, 3=0, 4=0, 5=0, 6=0, 7=0, 8=0, 9=0, 10=0}]
[{0=16, 1=14, 2=14, 3=24, 4=23, 5=17, 6=24, 7=24, 8=17, 9=17, 10=14}, {0=0, 1=0, 2=9676, 3=0, 4=0, 5=0, 6=0, 7=0, 8=0, 9=0, 10=0}, {0=0, 1=0, 2=0, 3=0, 4=0, 5=0, 6=0, 7=0, 8=0, 9=0, 10=0}, {0=0, 1=0, 2=0, 3=0, 4=0, 5=0, 6=0, 7=0, 8=0, 9=0, 10=0}, {0=0, 1=0, 2=0, 3=0, 4=0, 5=0, 6=0, 7=0, 8=0, 9=0, 10=0}, {0=0, 1=0, 2=0, 3=0, 4=0, 5=0, 6=0, 7=0, 8=0, 9=0, 10=0}, {0=0, 1=0, 2=0, 3=0, 4=0, 5=0, 6=0, 7=0, 8=0, 9=0, 10=0}, {0=0, 1=0, 2=0, 3=0, 4=0, 5=0, 6=0, 7=0, 8=0, 9=0, 10=0}, {0=0, 1=0, 2=0, 3=0, 4=0, 5=0, 6=0, 7=0, 8=0, 9=0, 10=0}, {0=0, 1=0, 2=0, 3=0, 4=0, 5=0, 6=0, 7=0, 8=0, 9=0, 10=0}, {0=0, 1=0, 2=0, 3=0, 4=0, 5=0, 6=0, 7=0, 8=0, 9=0, 10=0}]
[{0=5, 1=3, 2=4, 3=10, 4=3, 5=8, 6=6, 7=4, 8=5, 9=3, 10=5}, {0=0, 1=0, 2=0, 3=0, 4=0, 5=0, 6=0, 7=0, 8=0, 9=755, 10=0}, {0=0, 1=0, 2=0, 3=0, 4=0, 5=613, 6=0, 7=0, 8=0, 9=0, 10=0}, {0=0, 1=0, 2=0, 3=0, 4=0, 5=0, 6=347, 7=0, 8=0, 9=0, 10=0}, {0=0, 1=0, 2=0, 3=0, 4=0, 5=0, 6=0, 7=0, 8=0, 9=0, 10=173}, {0=0, 1=0, 2=0, 3=0, 4=0, 5=0, 6=0, 7=0, 8=134, 9=0, 10=0}, {0=0, 1=0, 2=0, 3=0, 4=0, 5=0, 6=0, 7=0, 8=0, 9=0, 10=123}, {0=0, 1=0, 2=0, 3=0, 4=0, 5=0, 6=0, 7=0, 8=0, 9=0, 10=108}, {0=0, 1=0, 2=0, 3=0, 4=0, 5=0, 6=0, 7=0, 8=0, 9=0, 10=116}, {0=0, 1=0, 2=0, 3=0, 4=0, 5=0, 6=0, 7=0, 8=0, 9=0, 10=429}, {0=0, 1=0, 2=1, 3=1, 4=1, 5=0, 6=3, 7=1, 8=2, 9=2, 10=1}]
[{0=0, 1=0, 2=0, 3=0, 4=0, 5=0, 6=0, 7=0, 8=0, 9=0, 10=0}, {0=0, 1=0, 2=0, 3=0, 4=0, 5=0, 6=0, 7=0, 8=156, 9=0, 10=0}, {0=0, 1=0, 2=9724, 3=0, 4=0, 5=0, 6=0, 7=0, 8=0, 9=0, 10=0}, {0=0, 1=0, 2=0, 3=0, 4=0, 5=0, 6=0, 7=0, 8=0, 9=0, 10=0}, {0=0, 1=0, 2=0, 3=0, 4=0, 5=0, 6=0, 7=0, 8=0, 9=0, 10=0}, {0=0, 1=0, 2=0, 3=0, 4=0, 5=0, 6=0, 7=0, 8=0, 9=0, 10=0}, {0=0, 1=0, 2=0, 3=0, 4=0, 5=0, 6=0, 7=0, 8=0, 9=0, 10=0}, {0=0, 1=0, 2=0, 3=0, 4=0, 5=0, 6=0, 7=0, 8=0, 9=0, 10=0}, {0=0, 1=0, 2=0, 3=0, 4=0, 5=0, 6=0, 7=0, 8=0, 9=0, 10=0}, {0=0, 1=0, 2=0, 3=0, 4=0, 5=0, 6=0, 7=0, 8=0, 9=0, 10=0}, {0=0, 1=0, 2=0, 3=0, 4=0, 5=0, 6=0, 7=0, 8=0, 9=0, 10=0}]
[{0=0, 1=0, 2=0, 3=0, 4=0, 5=0, 6=0, 7=0, 8=0, 9=0, 10=0}, {0=9876, 1=0, 2=0, 3=0, 4=0, 5=0, 6=0, 7=0, 8=0, 9=0, 10=0}, {0=0, 1=0, 2=0, 3=0, 4=0, 5=0, 6=0, 7=0, 8=0, 9=0, 10=4}, {0=0, 1=0, 2=0, 3=0, 4=0, 5=0, 6=0, 7=0, 8=0, 9=0, 10=0}, {0=0, 1=0, 2=0, 3=0, 4=0, 5=0, 6=0, 7=0, 8=0, 9=0, 10=0}, {0=0, 1=0, 2=0, 3=0, 4=0, 5=0, 6=0, 7=0, 8=0, 9=0, 10=0}, {0=0, 1=0, 2=0, 3=0, 4=0, 5=0, 6=0, 7=0, 8=0, 9=0, 10=0}, {0=0, 1=0, 2=0, 3=0, 4=0, 5=0, 6=0, 7=0, 8=0, 9=0, 10=0}, {0=0, 1=0, 2=0, 3=0, 4=0, 5=0, 6=0, 7=0, 8=0, 9=0, 10=0}, {0=0, 1=0, 2=0, 3=0, 4=0, 5=0, 6=0, 7=0, 8=0, 9=0, 10=0}, {0=0, 1=0, 2=0, 3=0, 4=0, 5=0, 6=0, 7=0, 8=0, 9=0, 10=0}]
[{0=0, 1=0, 2=0, 3=0, 4=0, 5=0, 6=0, 7=0, 8=0, 9=0, 10=0}, {0=9860, 1=0, 2=0, 3=0, 4=0, 5=0, 6=0, 7=0, 8=0, 9=0, 10=0}, {0=0, 1=0, 2=0, 3=0, 4=0, 5=0, 6=0, 7=0, 8=0, 9=0, 10=20}, {0=0, 1=0, 2=0, 3=0, 4=0, 5=0, 6=0, 7=0, 8=0, 9=0, 10=0}, {0=0, 1=0, 2=0, 3=0, 4=0, 5=0, 6=0, 7=0, 8=0, 9=0, 10=0}, {0=0, 1=0, 2=0, 3=0, 4=0, 5=0, 6=0, 7=0, 8=0, 9=0, 10=0}, {0=0, 1=0, 2=0, 3=0, 4=0, 5=0, 6=0, 7=0, 8=0, 9=0, 10=0}, {0=0, 1=0, 2=0, 3=0, 4=0, 5=0, 6=0, 7=0, 8=0, 9=0, 10=0}, {0=0, 1=0, 2=0, 3=0, 4=0, 5=0, 6=0, 7=0, 8=0, 9=0, 10=0}, {0=0, 1=0, 2=0, 3=0, 4=0, 5=0, 6=0, 7=0, 8=0, 9=0, 10=0}, {0=0, 1=0, 2=0, 3=0, 4=0, 5=0, 6=0, 7=0, 8=0, 9=0, 10=0}]
[{0=0, 1=31, 2=0, 3=0, 4=0, 5=0, 6=0, 7=0, 8=0, 9=0, 10=0}, {0=0, 1=0, 2=0, 3=0, 4=0, 5=0, 6=0, 7=348, 8=0, 9=0, 10=0}, {0=0, 1=0, 2=0, 3=0, 4=0, 5=0, 6=0, 7=0, 8=0, 9=416, 10=0}, {0=0, 1=0, 2=0, 3=0, 4=0, 5=0, 6=0, 7=0, 8=206, 9=0, 10=0}, {0=0, 1=0, 2=0, 3=0, 4=0, 5=0, 6=0, 7=0, 8=69, 9=0, 10=0}, {0=0, 1=0, 2=0, 3=0, 4=0, 5=0, 6=0, 7=0, 8=0, 9=73, 10=0}, {0=0, 1=0, 2=0, 3=0, 4=0, 5=75, 6=0, 7=0, 8=0, 9=0, 10=0}, {0=0, 1=0, 2=0, 3=0, 4=0, 5=0, 6=0, 7=0, 8=0, 9=0, 10=84}, {0=0, 1=0, 2=0, 3=0, 4=0, 5=65, 6=0, 7=0, 8=0, 9=0, 10=0}, {0=0, 1=0, 2=0, 3=0, 4=0, 5=0, 6=0, 7=0, 8=0, 9=257, 10=0}, {0=1, 1=1, 2=1, 3=1, 4=2, 5=1, 6=2, 7=1, 8=0, 9=2, 10=1}]
[{0=0, 1=25, 2=0, 3=0, 4=0, 5=0, 6=0, 7=0, 8=0, 9=0, 10=0}, {0=0, 1=0, 2=0, 3=0, 4=0, 5=0, 6=0, 7=0, 8=0, 9=241, 10=0}, {0=0, 1=0, 2=0, 3=0, 4=0, 5=0, 6=0, 7=0, 8=0, 9=381, 10=0}, {0=0, 1=0, 2=0, 3=0, 4=0, 5=116, 6=0, 7=0, 8=0, 9=0, 10=0}, {0=0, 1=0, 2=0, 3=0, 4=0, 5=0, 6=0, 7=0, 8=0, 9=0, 10=60}, {0=0, 1=0, 2=0, 3=0, 4=0, 5=0, 6=0, 7=0, 8=0, 9=71, 10=0}, {0=0, 1=0, 2=0, 3=0, 4=0, 5=0, 6=0, 7=0, 8=0, 9=70, 10=0}, {0=0, 1=0, 2=0, 3=0, 4=0, 5=0, 6=0, 7=0, 8=81, 9=0, 10=0}, {0=0, 1=0, 2=0, 3=0, 4=0, 5=0, 6=0, 7=0, 8=0, 9=79, 10=0}, {0=0, 1=0, 2=0, 3=0, 4=0, 5=0, 6=0, 7=0, 8=253, 9=0, 10=0}, {0=3, 1=1, 2=0, 3=0, 4=1, 5=1, 6=1, 7=0, 8=1, 9=0, 10=1}]
[{0=26, 1=0, 2=0, 3=0, 4=0, 5=0, 6=0, 7=0, 8=0, 9=0, 10=0}, {0=0, 1=0, 2=0, 3=0, 4=0, 5=0, 6=0, 7=0, 8=0, 9=0, 10=164}, {0=0, 1=0, 2=0, 3=0, 4=0, 5=0, 6=0, 7=0, 8=0, 9=0, 10=152}, {0=0, 1=0, 2=0, 3=0, 4=0, 5=0, 6=0, 7=0, 8=79, 9=0, 10=0}, {0=0, 1=0, 2=0, 3=0, 4=0, 5=0, 6=0, 7=0, 8=0, 9=0, 10=52}, {0=0, 1=0, 2=0, 3=0, 4=0, 5=0, 6=0, 7=0, 8=0, 9=57, 10=0}, {0=0, 1=0, 2=0, 3=0, 4=0, 5=0, 6=0, 7=0, 8=0, 9=0, 10=59}, {0=73, 1=0, 2=0, 3=0, 4=0, 5=0, 6=0, 7=0, 8=0, 9=0, 10=0}, {0=0, 1=0, 2=0, 3=0, 4=0, 5=0, 6=68, 7=0, 8=0, 9=0, 10=0}, {0=0, 1=0, 2=0, 3=0, 4=0, 5=0, 6=0, 7=0, 8=0, 9=0, 10=230}, {0=0, 1=0, 2=0, 3=0, 4=0, 5=0, 6=0, 7=27, 8=0, 9=0, 10=0}]
[{0=0, 1=0, 2=0, 3=0, 4=26, 5=0, 6=0, 7=0, 8=0, 9=0, 10=0}, {0=0, 1=0, 2=0, 3=0, 4=0, 5=0, 6=0, 7=0, 8=0, 9=0, 10=193}, {0=0, 1=0, 2=0, 3=0, 4=0, 5=0, 6=0, 7=0, 8=0, 9=0, 10=180}, {0=0, 1=0, 2=0, 3=0, 4=0, 5=0, 6=0, 7=0, 8=0, 9=0, 10=53}, {0=0, 1=0, 2=0, 3=0, 4=0, 5=0, 6=58, 7=0, 8=0, 9=0, 10=0}, {0=0, 1=0, 2=0, 3=0, 4=0, 5=0, 6=0, 7=0, 8=60, 9=0, 10=0}, {0=0, 1=0, 2=0, 3=0, 4=0, 5=0, 6=0, 7=0, 8=0, 9=82, 10=0}, {0=0, 1=0, 2=0, 3=0, 4=0, 5=0, 6=0, 7=0, 8=0, 9=0, 10=82}, {0=0, 1=0, 2=0, 3=0, 4=0, 5=0, 6=83, 7=0, 8=0, 9=0, 10=0}, {0=0, 1=0, 2=0, 3=0, 4=0, 5=0, 6=0, 7=0, 8=256, 9=0, 10=0}, {0=0, 1=10, 2=0, 3=0, 4=0, 5=0, 6=0, 7=0, 8=0, 9=0, 10=0}]
[{0=0, 1=0, 2=0, 3=0, 4=0, 5=0, 6=0, 7=0, 8=0, 9=0, 10=0}, {0=0, 1=0, 2=0, 3=9761, 4=0, 5=0, 6=0, 7=0, 8=0, 9=0, 10=0}, {0=0, 1=0, 2=0, 3=0, 4=0, 5=0, 6=119, 7=0, 8=0, 9=0, 10=0}, {0=0, 1=0, 2=0, 3=0, 4=0, 5=0, 6=0, 7=0, 8=0, 9=0, 10=0}, {0=0, 1=0, 2=0, 3=0, 4=0, 5=0, 6=0, 7=0, 8=0, 9=0, 10=0}, {0=0, 1=0, 2=0, 3=0, 4=0, 5=0, 6=0, 7=0, 8=0, 9=0, 10=0}, {0=0, 1=0, 2=0, 3=0, 4=0, 5=0, 6=0, 7=0, 8=0, 9=0, 10=0}, {0=0, 1=0, 2=0, 3=0, 4=0, 5=0, 6=0, 7=0, 8=0, 9=0, 10=0}, {0=0, 1=0, 2=0, 3=0, 4=0, 5=0, 6=0, 7=0, 8=0, 9=0, 10=0}, {0=0, 1=0, 2=0, 3=0, 4=0, 5=0, 6=0, 7=0, 8=0, 9=0, 10=0}, {0=0, 1=0, 2=0, 3=0, 4=0, 5=0, 6=0, 7=0, 8=0, 9=0, 10=0}]
[{0=0, 1=0, 2=0, 3=0, 4=0, 5=0, 6=0, 7=0, 8=0, 9=0, 10=0}, {0=0, 1=0, 2=0, 3=0, 4=0, 5=0, 6=0, 7=191, 8=0, 9=0, 10=0}, {0=0, 1=0, 2=0, 3=0, 4=0, 5=0, 6=0, 7=0, 8=81, 9=0, 10=0}, {0=0, 1=0, 2=0, 3=0, 4=0, 5=0, 6=0, 7=200, 8=0, 9=0, 10=0}, {0=0, 1=0, 2=0, 3=0, 4=0, 5=891, 6=0, 7=0, 8=0, 9=0, 10=0}, {0=0, 1=0, 2=0, 3=7955, 4=0, 5=0, 6=0, 7=0, 8=0, 9=0, 10=0}, {0=0, 1=0, 2=0, 3=0, 4=0, 5=0, 6=0, 7=0, 8=0, 9=79, 10=0}, {0=0, 1=0, 2=0, 3=0, 4=0, 5=0, 6=0, 7=0, 8=0, 9=92, 10=0}, {0=0, 1=0, 2=0, 3=0, 4=0, 5=0, 6=0, 7=0, 8=0, 9=0, 10=114}, {0=0, 1=0, 2=0, 3=0, 4=0, 5=0, 6=0, 7=0, 8=0, 9=0, 10=277}, {0=0, 1=0, 2=0, 3=0, 4=0, 5=0, 6=0, 7=0, 8=0, 9=0, 10=0}]
[{0=0, 1=0, 2=0, 3=0, 4=0, 5=0, 6=0, 7=0, 8=0, 9=24, 10=0}, {0=0, 1=0, 2=0, 3=0, 4=0, 5=0, 6=0, 7=0, 8=0, 9=0, 10=209}, {0=0, 1=0, 2=0, 3=0, 4=0, 5=0, 6=0, 7=0, 8=0, 9=0, 10=178}, {0=0, 1=0, 2=0, 3=0, 4=0, 5=0, 6=0, 7=0, 8=0, 9=0, 10=60}, {0=0, 1=0, 2=0, 3=0, 4=0, 5=0, 6=0, 7=0, 8=0, 9=70, 10=0}, {0=0, 1=0, 2=0, 3=0, 4=0, 5=0, 6=0, 7=61, 8=0, 9=0, 10=0}, {0=0, 1=0, 2=0, 3=0, 4=0, 5=0, 6=0, 7=0, 8=0, 9=0, 10=86}, {0=0, 1=0, 2=0, 3=0, 4=0, 5=0, 6=78, 7=0, 8=0, 9=0, 10=0}, {0=0, 1=0, 2=0, 3=0, 4=0, 5=0, 6=0, 7=0, 8=0, 9=0, 10=81}, {0=0, 1=0, 2=0, 3=0, 4=0, 5=0, 6=303, 7=0, 8=0, 9=0, 10=0}, {0=10, 1=0, 2=0, 3=0, 4=0, 5=0, 6=0, 7=0, 8=0, 9=0, 10=0}]
[{0=0, 1=0, 2=0, 3=0, 4=0, 5=0, 6=0, 7=0, 8=0, 9=0, 10=0}, {0=0, 1=0, 2=0, 3=0, 4=0, 5=0, 6=41, 7=0, 8=0, 9=0, 10=0}, {0=0, 1=0, 2=0, 3=0, 4=0, 5=0, 6=0, 7=0, 8=62, 9=0, 10=0}, {0=0, 1=0, 2=0, 3=0, 4=0, 5=0, 6=0, 7=0, 8=0, 9=0, 10=13}, {0=0, 1=0, 2=0, 3=0, 4=0, 5=0, 6=0, 7=0, 8=671, 9=0, 10=0}, {0=0, 1=0, 2=0, 3=0, 4=8349, 5=0, 6=0, 7=0, 8=0, 9=0, 10=0}, {0=0, 1=0, 2=0, 3=0, 4=0, 5=61, 6=0, 7=0, 8=0, 9=0, 10=0}, {0=0, 1=103, 2=0, 3=0, 4=0, 5=0, 6=0, 7=0, 8=0, 9=0, 10=0}, {0=0, 1=0, 2=0, 3=0, 4=0, 5=0, 6=0, 7=0, 8=0, 9=0, 10=138}, {0=0, 1=0, 2=0, 3=0, 4=0, 5=0, 6=0, 7=0, 8=442, 9=0, 10=0}, {0=0, 1=0, 2=0, 3=0, 4=0, 5=0, 6=0, 7=0, 8=0, 9=0, 10=0}]
[{0=0, 1=0, 2=0, 3=0, 4=0, 5=0, 6=0, 7=0, 8=0, 9=40, 10=0}, {0=0, 1=0, 2=0, 3=0, 4=0, 5=0, 6=0, 7=0, 8=0, 9=0, 10=226}, {0=0, 1=0, 2=0, 3=0, 4=0, 5=0, 6=0, 7=0, 8=146, 9=0, 10=0}, {0=0, 1=0, 2=0, 3=0, 4=0, 5=0, 6=0, 7=0, 8=0, 9=0, 10=80}, {0=0, 1=0, 2=0, 3=0, 4=0, 5=0, 6=0, 7=0, 8=63, 9=0, 10=0}, {0=0, 1=0, 2=0, 3=0, 4=0, 5=0, 6=56, 7=0, 8=0, 9=0, 10=0}, {0=0, 1=0, 2=0, 3=0, 4=0, 5=54, 6=0, 7=0, 8=0, 9=0, 10=0}, {0=0, 1=0, 2=0, 3=0, 4=0, 5=0, 6=70, 7=0, 8=0, 9=0, 10=0}, {0=0, 1=0, 2=0, 3=0, 4=0, 5=0, 6=0, 7=0, 8=0, 9=0, 10=60}, {0=0, 1=0, 2=0, 3=0, 4=0, 5=0, 6=0, 7=0, 8=0, 9=0, 10=228}, {0=0, 1=0, 2=0, 3=22, 4=0, 5=0, 6=3, 7=0, 8=0, 9=1, 10=0}]
[{0=0, 1=0, 2=0, 3=0, 4=0, 5=0, 6=0, 7=0, 8=0, 9=0, 10=0}, {0=9872, 1=0, 2=0, 3=0, 4=0, 5=0, 6=0, 7=0, 8=0, 9=0, 10=0}, {0=0, 1=0, 2=0, 3=0, 4=0, 5=0, 6=0, 7=0, 8=0, 9=8, 10=0}, {0=0, 1=0, 2=0, 3=0, 4=0, 5=0, 6=0, 7=0, 8=0, 9=0, 10=0}, {0=0, 1=0, 2=0, 3=0, 4=0, 5=0, 6=0, 7=0, 8=0, 9=0, 10=0}, {0=0, 1=0, 2=0, 3=0, 4=0, 5=0, 6=0, 7=0, 8=0, 9=0, 10=0}, {0=0, 1=0, 2=0, 3=0, 4=0, 5=0, 6=0, 7=0, 8=0, 9=0, 10=0}, {0=0, 1=0, 2=0, 3=0, 4=0, 5=0, 6=0, 7=0, 8=0, 9=0, 10=0}, {0=0, 1=0, 2=0, 3=0, 4=0, 5=0, 6=0, 7=0, 8=0, 9=0, 10=0}, {0=0, 1=0, 2=0, 3=0, 4=0, 5=0, 6=0, 7=0, 8=0, 9=0, 10=0}, {0=0, 1=0, 2=0, 3=0, 4=0, 5=0, 6=0, 7=0, 8=0, 9=0, 10=0}]
[{0=0, 1=0, 2=0, 3=0, 4=0, 5=0, 6=0, 7=0, 8=0, 9=0, 10=0}, {0=0, 1=0, 2=0, 3=0, 4=0, 5=0, 6=0, 7=0, 8=0, 9=182, 10=0}, {0=0, 1=0, 2=0, 3=0, 4=9698, 5=0, 6=0, 7=0, 8=0, 9=0, 10=0}, {0=0, 1=0, 2=0, 3=0, 4=0, 5=0, 6=0, 7=0, 8=0, 9=0, 10=0}, {0=0, 1=0, 2=0, 3=0, 4=0, 5=0, 6=0, 7=0, 8=0, 9=0, 10=0}, {0=0, 1=0, 2=0, 3=0, 4=0, 5=0, 6=0, 7=0, 8=0, 9=0, 10=0}, {0=0, 1=0, 2=0, 3=0, 4=0, 5=0, 6=0, 7=0, 8=0, 9=0, 10=0}, {0=0, 1=0, 2=0, 3=0, 4=0, 5=0, 6=0, 7=0, 8=0, 9=0, 10=0}, {0=0, 1=0, 2=0, 3=0, 4=0, 5=0, 6=0, 7=0, 8=0, 9=0, 10=0}, {0=0, 1=0, 2=0, 3=0, 4=0, 5=0, 6=0, 7=0, 8=0, 9=0, 10=0}, {0=0, 1=0, 2=0, 3=0, 4=0, 5=0, 6=0, 7=0, 8=0, 9=0, 10=0}]
[{0=0, 1=0, 2=0, 3=0, 4=0, 5=0, 6=0, 7=20, 8=0, 9=0, 10=0}, {0=0, 1=0, 2=0, 3=0, 4=0, 5=0, 6=0, 7=0, 8=0, 9=239, 10=0}, {0=0, 1=0, 2=0, 3=0, 4=0, 5=0, 6=0, 7=0, 8=0, 9=0, 10=370}, {0=0, 1=0, 2=0, 3=0, 4=0, 5=0, 6=0, 7=0, 8=137, 9=0, 10=0}, {0=0, 1=0, 2=0, 3=0, 4=0, 5=0, 6=0, 7=0, 8=78, 9=0, 10=0}, {0=0, 1=0, 2=0, 3=0, 4=0, 5=0, 6=58, 7=0, 8=0, 9=0, 10=0}, {0=0, 1=0, 2=0, 3=0, 4=0, 5=56, 6=0, 7=0, 8=0, 9=0, 10=0}, {0=0, 1=0, 2=0, 3=0, 4=0, 5=0, 6=69, 7=0, 8=0, 9=0, 10=0}, {0=0, 1=0, 2=0, 3=0, 4=0, 5=0, 6=0, 7=0, 8=0, 9=0, 10=62}, {0=0, 1=0, 2=0, 3=0, 4=0, 5=0, 6=0, 7=0, 8=0, 9=0, 10=221}, {0=0, 1=6, 2=0, 3=0, 4=0, 5=0, 6=0, 7=0, 8=0, 9=0, 10=0}]
[{0=0, 1=0, 2=0, 3=0, 4=0, 5=0, 6=0, 7=0, 8=0, 9=0, 10=134}, {0=0, 1=0, 2=0, 3=0, 4=9746, 5=0, 6=0, 7=0, 8=0, 9=0, 10=0}, {0=0, 1=0, 2=0, 3=0, 4=0, 5=0, 6=0, 7=0, 8=0, 9=0, 10=0}, {0=0, 1=0, 2=0, 3=0, 4=0, 5=0, 6=0, 7=0, 8=0, 9=0, 10=0}, {0=0, 1=0, 2=0, 3=0, 4=0, 5=0, 6=0, 7=0, 8=0, 9=0, 10=0}, {0=0, 1=0, 2=0, 3=0, 4=0, 5=0, 6=0, 7=0, 8=0, 9=0, 10=0}, {0=0, 1=0, 2=0, 3=0, 4=0, 5=0, 6=0, 7=0, 8=0, 9=0, 10=0}, {0=0, 1=0, 2=0, 3=0, 4=0, 5=0, 6=0, 7=0, 8=0, 9=0, 10=0}, {0=0, 1=0, 2=0, 3=0, 4=0, 5=0, 6=0, 7=0, 8=0, 9=0, 10=0}, {0=0, 1=0, 2=0, 3=0, 4=0, 5=0, 6=0, 7=0, 8=0, 9=0, 10=0}, {0=0, 1=0, 2=0, 3=0, 4=0, 5=0, 6=0, 7=0, 8=0, 9=0, 10=0}]
[{0=4, 1=1, 2=3, 3=5, 4=6, 5=4, 6=1, 7=2, 8=2, 9=2, 10=4}, {0=0, 1=0, 2=0, 3=0, 4=0, 5=0, 6=0, 7=392, 8=0, 9=0, 10=0}, {0=0, 1=0, 2=0, 3=0, 4=0, 5=0, 6=0, 7=0, 8=0, 9=0, 10=553}, {0=0, 1=0, 2=0, 3=0, 4=0, 5=218, 6=0, 7=0, 8=0, 9=0, 10=0}, {0=77, 1=0, 2=0, 3=0, 4=0, 5=0, 6=0, 7=0, 8=0, 9=0, 10=0}, {0=0, 1=0, 2=0, 3=0, 4=0, 5=0, 6=0, 7=0, 8=0, 9=0, 10=81}, {0=62, 1=0, 2=0, 3=0, 4=0, 5=0, 6=0, 7=0, 8=0, 9=0, 10=0}, {0=0, 1=96, 2=0, 3=0, 4=0, 5=0, 6=0, 7=0, 8=0, 9=0, 10=0}, {0=0, 1=0, 2=0, 3=0, 4=0, 5=0, 6=0, 7=0, 8=0, 9=91, 10=0}, {0=0, 1=0, 2=0, 3=0, 4=0, 5=0, 6=0, 7=0, 8=0, 9=0, 10=280}, {0=2, 1=2, 2=0, 3=0, 4=3, 5=2, 6=2, 7=2, 8=1, 9=1, 10=2}]
[{0=1, 1=5, 2=3, 3=2, 4=1, 5=1, 6=1, 7=2, 8=1, 9=4, 10=5}, {0=0, 1=0, 2=0, 3=0, 4=0, 5=0, 6=0, 7=0, 8=0, 9=0, 10=230}, {0=0, 1=0, 2=0, 3=0, 4=0, 5=0, 6=0, 7=0, 8=0, 9=0, 10=445}, {0=0, 1=0, 2=0, 3=0, 4=0, 5=184, 6=0, 7=0, 8=0, 9=0, 10=0}, {0=69, 1=0, 2=0, 3=0, 4=0, 5=0, 6=0, 7=0, 8=0, 9=0, 10=0}, {0=0, 1=0, 2=0, 3=0, 4=0, 5=0, 6=0, 7=0, 8=0, 9=0, 10=66}, {0=79, 1=0, 2=0, 3=0, 4=0, 5=0, 6=0, 7=0, 8=0, 9=0, 10=0}, {0=0, 1=0, 2=0, 3=0, 4=0, 5=0, 6=82, 7=0, 8=0, 9=0, 10=0}, {0=0, 1=0, 2=0, 3=0, 4=0, 5=0, 6=0, 7=0, 8=0, 9=76, 10=0}, {0=0, 1=0, 2=0, 3=0, 4=0, 5=0, 6=0, 7=0, 8=0, 9=247, 10=0}, {0=1, 1=1, 2=1, 3=2, 4=0, 5=0, 6=2, 7=0, 8=0, 9=0, 10=1}]
[{0=0, 1=0, 2=0, 3=0, 4=0, 5=0, 6=0, 7=0, 8=0, 9=0, 10=0}, {0=0, 1=0, 2=0, 3=0, 4=0, 5=0, 6=0, 7=1388, 8=0, 9=0, 10=0}, {0=0, 1=0, 2=0, 3=0, 4=0, 5=0, 6=0, 7=0, 8=969, 9=0, 10=0}, {0=0, 1=0, 2=0, 3=0, 4=0, 5=0, 6=0, 7=0, 8=545, 9=0, 10=0}, {0=0, 1=245, 2=0, 3=0, 4=0, 5=0, 6=0, 7=0, 8=0, 9=0, 10=0}, {0=0, 1=0, 2=0, 3=0, 4=0, 5=0, 6=0, 7=0, 8=0, 9=0, 10=190}, {0=0, 1=167, 2=0, 3=0, 4=0, 5=0, 6=0, 7=0, 8=0, 9=0, 10=0}, {0=0, 1=0, 2=0, 3=0, 4=0, 5=0, 6=0, 7=0, 8=0, 9=170, 10=0}, {0=0, 1=0, 2=0, 3=0, 4=0, 5=0, 6=0, 7=153, 8=0, 9=0, 10=0}, {0=0, 1=0, 2=0, 3=0, 4=0, 5=0, 6=0, 7=0, 8=0, 9=0, 10=575}, {0=0, 1=0, 2=0, 3=0, 4=0, 5=0, 6=0, 7=0, 8=0, 9=0, 10=0}]
[{0=0, 1=0, 2=0, 3=0, 4=0, 5=0, 6=0, 7=0, 8=0, 9=0, 10=0}, {0=0, 1=0, 2=0, 3=0, 4=0, 5=0, 6=41, 7=0, 8=0, 9=0, 10=0}, {0=0, 1=0, 2=0, 3=0, 4=0, 5=0, 6=0, 7=0, 8=0, 9=50, 10=0}, {0=0, 1=0, 2=0, 3=0, 4=0, 5=0, 6=0, 7=0, 8=13, 9=0, 10=0}, {0=15, 1=0, 2=0, 3=0, 4=0, 5=0, 6=0, 7=0, 8=0, 9=0, 10=0}, {0=0, 1=0, 2=0, 3=0, 4=0, 5=0, 6=0, 7=0, 8=0, 9=0, 10=280}, {0=0, 1=0, 2=0, 3=0, 4=8894, 5=0, 6=0, 7=0, 8=0, 9=0, 10=0}, {0=0, 1=0, 2=0, 3=0, 4=0, 5=0, 6=0, 7=97, 8=0, 9=0, 10=0}, {0=0, 1=0, 2=0, 3=0, 4=0, 5=0, 6=0, 7=125, 8=0, 9=0, 10=0}, {0=0, 1=0, 2=0, 3=0, 4=0, 5=0, 6=0, 7=0, 8=0, 9=0, 10=365}, {0=0, 1=0, 2=0, 3=0, 4=0, 5=0, 6=0, 7=0, 8=0, 9=0, 10=0}]
[{0=0, 1=0, 2=0, 3=0, 4=0, 5=0, 6=29, 7=0, 8=0, 9=0, 10=0}, {0=0, 1=0, 2=0, 3=0, 4=0, 5=0, 6=0, 7=0, 8=274, 9=0, 10=0}, {0=0, 1=0, 2=0, 3=0, 4=0, 5=0, 6=0, 7=0, 8=0, 9=397, 10=0}, {0=0, 1=0, 2=0, 3=0, 4=0, 5=0, 6=0, 7=0, 8=210, 9=0, 10=0}, {0=67, 1=0, 2=0, 3=0, 4=0, 5=0, 6=0, 7=0, 8=0, 9=0, 10=0}, {0=0, 1=0, 2=0, 3=0, 4=0, 5=0, 6=0, 7=0, 8=0, 9=0, 10=63}, {0=0, 1=0, 2=0, 3=0, 4=0, 5=0, 6=0, 7=0, 8=0, 9=0, 10=64}, {0=0, 1=0, 2=0, 3=0, 4=0, 5=0, 6=0, 7=78, 8=0, 9=0, 10=0}, {0=0, 1=0, 2=0, 3=0, 4=0, 5=0, 6=0, 7=83, 8=0, 9=0, 10=0}, {0=0, 1=0, 2=0, 3=0, 4=0, 5=0, 6=0, 7=0, 8=0, 9=0, 10=238}, {0=0, 1=0, 2=4, 3=0, 4=0, 5=0, 6=0, 7=2, 8=0, 9=1, 10=2}]
[{0=0, 1=0, 2=0, 3=0, 4=0, 5=0, 6=0, 7=0, 8=0, 9=0, 10=0}, {0=0, 1=0, 2=0, 3=0, 4=0, 5=0, 6=0, 7=0, 8=0, 9=58, 10=0}, {0=439, 1=0, 2=0, 3=0, 4=0, 5=0, 6=0, 7=0, 8=0, 9=0, 10=0}, {0=0, 1=0, 2=0, 3=0, 4=9383, 5=0, 6=0, 7=0, 8=0, 9=0, 10=0}, {0=0, 1=0, 2=0, 3=0, 4=0, 5=0, 6=0, 7=0, 8=0, 9=0, 10=0}, {0=0, 1=0, 2=0, 3=0, 4=0, 5=0, 6=0, 7=0, 8=0, 9=0, 10=0}, {0=0, 1=0, 2=0, 3=0, 4=0, 5=0, 6=0, 7=0, 8=0, 9=0, 10=0}, {0=0, 1=0, 2=0, 3=0, 4=0, 5=0, 6=0, 7=0, 8=0, 9=0, 10=0}, {0=0, 1=0, 2=0, 3=0, 4=0, 5=0, 6=0, 7=0, 8=0, 9=0, 10=0}, {0=0, 1=0, 2=0, 3=0, 4=0, 5=0, 6=0, 7=0, 8=0, 9=0, 10=0}, {0=0, 1=0, 2=0, 3=0, 4=0, 5=0, 6=0, 7=0, 8=0, 9=0, 10=0}]
[{0=0, 1=0, 2=0, 3=0, 4=0, 5=0, 6=0, 7=0, 8=0, 9=0, 10=0}, {0=0, 1=0, 2=0, 3=0, 4=0, 5=0, 6=0, 7=0, 8=74, 9=0, 10=0}, {0=0, 1=0, 2=0, 3=0, 4=0, 5=0, 6=0, 7=0, 8=0, 9=49, 10=0}, {0=0, 1=0, 2=0, 3=0, 4=0, 5=0, 6=178, 7=0, 8=0, 9=0, 10=0}, {0=0, 1=0, 2=0, 3=0, 4=0, 5=8705, 6=0, 7=0, 8=0, 9=0, 10=0}, {0=0, 1=0, 2=270, 3=0, 4=0, 5=0, 6=0, 7=0, 8=0, 9=0, 10=0}, {0=66, 1=0, 2=0, 3=0, 4=0, 5=0, 6=0, 7=0, 8=0, 9=0, 10=0}, {0=0, 1=0, 2=0, 3=0, 4=0, 5=0, 6=122, 7=0, 8=0, 9=0, 10=0}, {0=0, 1=0, 2=0, 3=0, 4=0, 5=0, 6=0, 7=0, 8=121, 9=0, 10=0}, {0=0, 1=0, 2=0, 3=0, 4=0, 5=0, 6=0, 7=0, 8=0, 9=295, 10=0}, {0=0, 1=0, 2=0, 3=0, 4=0, 5=0, 6=0, 7=0, 8=0, 9=0, 10=0}]
[{0=1, 1=0, 2=3, 3=2, 4=3, 5=3, 6=3, 7=1, 8=1, 9=1, 10=3}, {0=0, 1=0, 2=0, 3=0, 4=0, 5=0, 6=0, 7=0, 8=0, 9=0, 10=237}, {0=0, 1=0, 2=0, 3=0, 4=0, 5=0, 6=0, 7=0, 8=0, 9=0, 10=459}, {0=0, 1=0, 2=0, 3=0, 4=0, 5=0, 6=0, 7=0, 8=0, 9=225, 10=0}, {0=0, 1=0, 2=0, 3=0, 4=0, 5=102, 6=0, 7=0, 8=0, 9=0, 10=0}, {0=0, 1=0, 2=0, 3=0, 4=0, 5=0, 6=0, 7=0, 8=0, 9=173, 10=0}, {0=391, 1=0, 2=0, 3=0, 4=0, 5=0, 6=0, 7=0, 8=0, 9=0, 10=0}, {0=0, 1=0, 2=0, 3=0, 4=0, 5=0, 6=0, 7=114, 8=0, 9=0, 10=0}, {0=0, 1=147, 2=0, 3=0, 4=0, 5=0, 6=0, 7=0, 8=0, 9=0, 10=0}, {0=0, 1=0, 2=0, 3=0, 4=0, 5=0, 6=0, 7=0, 8=569, 9=0, 10=0}, {0=1, 1=3, 2=0, 3=0, 4=0, 5=0, 6=1, 7=0, 8=0, 9=1, 10=0}]
[{0=3, 1=1, 2=3, 3=4, 4=5, 5=5, 6=4, 7=5, 8=4, 9=1, 10=5}, {0=0, 1=0, 2=0, 3=0, 4=0, 5=0, 6=0, 7=0, 8=236, 9=0, 10=0}, {0=0, 1=0, 2=0, 3=0, 4=0, 5=0, 6=0, 7=0, 8=554, 9=0, 10=0}, {0=0, 1=0, 2=0, 3=0, 4=0, 5=0, 6=0, 7=0, 8=0, 9=247, 10=0}, {0=0, 1=0, 2=0, 3=0, 4=0, 5=70, 6=0, 7=0, 8=0, 9=0, 10=0}, {0=0, 1=0, 2=0, 3=0, 4=0, 5=0, 6=0, 7=0, 8=0, 9=77, 10=0}, {0=88, 1=0, 2=0, 3=0, 4=0, 5=0, 6=0, 7=0, 8=0, 9=0, 10=0}, {0=0, 1=91, 2=0, 3=0, 4=0, 5=0, 6=0, 7=0, 8=0, 9=0, 10=0}, {0=0, 1=0, 2=0, 3=0, 4=0, 5=0, 6=0, 7=0, 8=0, 9=0, 10=79}, {0=0, 1=0, 2=0, 3=0, 4=0, 5=0, 6=0, 7=0, 8=0, 9=0, 10=266}, {0=2, 1=1, 2=3, 3=2, 4=0, 5=5, 6=2, 7=1, 8=4, 9=3, 10=0}]
[{0=0, 1=0, 2=0, 3=0, 4=0, 5=0, 6=0, 7=0, 8=0, 9=0, 10=0}, {0=0, 1=0, 2=0, 3=0, 4=0, 5=0, 6=0, 7=0, 8=0, 9=0, 10=73}, {0=0, 1=0, 2=0, 3=0, 4=0, 5=0, 6=0, 7=0, 8=0, 9=0, 10=35}, {0=0, 1=0, 2=0, 3=0, 4=0, 5=0, 6=0, 7=0, 8=0, 9=0, 10=12}, {0=0, 1=0, 2=0, 3=0, 4=0, 5=3, 6=0, 7=0, 8=0, 9=0, 10=0}, {0=0, 1=0, 2=0, 3=0, 4=0, 5=0, 6=0, 7=0, 8=0, 9=5, 10=0}, {0=0, 1=0, 2=0, 3=0, 4=0, 5=0, 6=0, 7=0, 8=0, 9=7, 10=0}, {0=0, 1=0, 2=0, 3=0, 4=0, 5=6372, 6=0, 7=0, 8=0, 9=0, 10=0}, {0=0, 1=0, 2=0, 3=0, 4=3325, 5=0, 6=0, 7=0, 8=0, 9=0, 10=0}, {0=0, 1=0, 2=0, 3=0, 4=0, 5=0, 6=0, 7=0, 8=0, 9=0, 10=48}, {0=0, 1=0, 2=0, 3=0, 4=0, 5=0, 6=0, 7=0, 8=0, 9=0, 10=0}]
[{0=0, 1=0, 2=0, 3=0, 4=0, 5=0, 6=0, 7=0, 8=0, 9=0, 10=0}, {0=0, 1=0, 2=0, 3=0, 4=0, 5=0, 6=0, 7=0, 8=0, 9=0, 10=78}, {0=0, 1=0, 2=0, 3=0, 4=0, 5=0, 6=0, 7=0, 8=39, 9=0, 10=0}, {0=0, 1=0, 2=0, 3=0, 4=0, 5=0, 6=0, 7=0, 8=13, 9=0, 10=0}, {0=0, 1=0, 2=0, 3=0, 4=0, 5=0, 6=7, 7=0, 8=0, 9=0, 10=0}, {0=0, 1=0, 2=0, 3=0, 4=0, 5=0, 6=0, 7=0, 8=0, 9=2, 10=0}, {0=0, 1=0, 2=0, 3=0, 4=0, 5=0, 6=0, 7=0, 8=0, 9=37, 10=0}, {0=0, 1=0, 2=0, 3=9340, 4=0, 5=0, 6=0, 7=0, 8=0, 9=0, 10=0}, {0=0, 1=0, 2=0, 3=0, 4=0, 5=0, 6=339, 7=0, 8=0, 9=0, 10=0}, {0=0, 1=0, 2=0, 3=0, 4=0, 5=0, 6=0, 7=0, 8=0, 9=0, 10=25}, {0=0, 1=0, 2=0, 3=0, 4=0, 5=0, 6=0, 7=0, 8=0, 9=0, 10=0}]
[{0=0, 1=0, 2=0, 3=0, 4=0, 5=0, 6=0, 7=0, 8=0, 9=0, 10=0}, {0=0, 1=0, 2=0, 3=0, 4=0, 5=0, 6=0, 7=0, 8=0, 9=0, 10=78}, {0=0, 1=0, 2=0, 3=0, 4=0, 5=0, 6=0, 7=0, 8=0, 9=0, 10=35}, {0=12, 1=0, 2=0, 3=0, 4=0, 5=0, 6=0, 7=0, 8=0, 9=0, 10=0}, {0=0, 1=0, 2=0, 3=0, 4=0, 5=0, 6=0, 7=0, 8=0, 9=7, 10=0}, {0=0, 1=0, 2=0, 3=0, 4=0, 5=0, 6=0, 7=0, 8=0, 9=3, 10=0}, {0=0, 1=0, 2=0, 3=0, 4=0, 5=0, 6=0, 7=0, 8=0, 9=1, 10=0}, {0=0, 1=0, 2=0, 3=0, 4=0, 5=0, 6=0, 7=0, 8=0, 9=15, 10=0}, {0=0, 1=0, 2=0, 3=0, 4=9702, 5=0, 6=0, 7=0, 8=0, 9=0, 10=0}, {0=0, 1=0, 2=0, 3=0, 4=0, 5=0, 6=0, 7=0, 8=0, 9=0, 10=27}, {0=0, 1=0, 2=0, 3=0, 4=0, 5=0, 6=0, 7=0, 8=0, 9=0, 10=0}]
[{0=2, 1=4, 2=2, 3=1, 4=2, 5=2, 6=1, 7=2, 8=2, 9=0, 10=4}, {0=0, 1=0, 2=0, 3=0, 4=0, 5=0, 6=0, 7=0, 8=279, 9=0, 10=0}, {0=0, 1=0, 2=0, 3=0, 4=0, 5=0, 6=0, 7=0, 8=0, 9=0, 10=429}, {0=0, 1=0, 2=0, 3=0, 4=0, 5=0, 6=0, 7=0, 8=0, 9=0, 10=166}, {0=0, 1=0, 2=0, 3=0, 4=0, 5=0, 6=61, 7=0, 8=0, 9=0, 10=0}, {0=0, 1=0, 2=0, 3=0, 4=0, 5=0, 6=0, 7=0, 8=0, 9=71, 10=0}, {0=0, 1=0, 2=0, 3=0, 4=0, 5=0, 6=73, 7=0, 8=0, 9=0, 10=0}, {0=0, 1=0, 2=0, 3=0, 4=0, 5=0, 6=0, 7=0, 8=88, 9=0, 10=0}, {0=0, 1=0, 2=0, 3=0, 4=0, 5=0, 6=0, 7=0, 8=0, 9=0, 10=121}, {0=0, 1=0, 2=0, 3=0, 4=0, 5=0, 6=309, 7=0, 8=0, 9=0, 10=0}, {0=1, 1=2, 2=0, 3=1, 4=0, 5=0, 6=2, 7=0, 8=0, 9=1, 10=0}]
[{0=3, 1=6, 2=7, 3=9, 4=4, 5=4, 6=8, 7=2, 8=6, 9=5, 10=3}, {0=0, 1=0, 2=0, 3=0, 4=0, 5=0, 6=0, 7=0, 8=0, 9=0, 10=413}, {0=0, 1=0, 2=0, 3=0, 4=0, 5=0, 6=0, 7=0, 8=0, 9=0, 10=302}, {0=0, 1=0, 2=0, 3=0, 4=0, 5=0, 6=0, 7=0, 8=0, 9=0, 10=100}, {0=0, 1=0, 2=0, 3=0, 4=0, 5=0, 6=0, 7=0, 8=0, 9=0, 10=61}, {0=0, 1=0, 2=0, 3=0, 4=0, 5=0, 6=0, 7=0, 8=0, 9=57, 10=0}, {0=0, 1=0, 2=0, 3=0, 4=0, 5=0, 6=0, 7=0, 8=66, 9=0, 10=0}, {0=0, 1=0, 2=0, 3=0, 4=0, 5=0, 6=99, 7=0, 8=0, 9=0, 10=0}, {0=0, 1=0, 2=0, 3=0, 4=0, 5=0, 6=0, 7=127, 8=0, 9=0, 10=0}, {0=0, 1=0, 2=0, 3=0, 4=0, 5=0, 6=622, 7=0, 8=0, 9=0, 10=0}, {0=1, 1=1, 2=0, 3=0, 4=0, 5=0, 6=0, 7=0, 8=1, 9=2, 10=0}]
[{0=3, 1=1, 2=1, 3=3, 4=2, 5=2, 6=1, 7=1, 8=2, 9=2, 10=0}, {0=0, 1=0, 2=0, 3=0, 4=0, 5=0, 6=0, 7=0, 8=0, 9=0, 10=312}, {0=0, 1=0, 2=0, 3=0, 4=0, 5=0, 6=0, 7=0, 8=0, 9=0, 10=318}, {0=0, 1=0, 2=0, 3=0, 4=0, 5=0, 6=0, 7=0, 8=0, 9=0, 10=68}, {0=0, 1=0, 2=0, 3=0, 4=0, 5=0, 6=0, 7=0, 8=0, 9=0, 10=74}, {0=0, 1=0, 2=0, 3=0, 4=0, 5=0, 6=0, 7=55, 8=0, 9=0, 10=0}, {0=0, 1=0, 2=0, 3=0, 4=0, 5=0, 6=0, 7=0, 8=0, 9=64, 10=0}, {0=0, 1=0, 2=0, 3=0, 4=0, 5=0, 6=0, 7=0, 8=67, 9=0, 10=0}, {0=0, 1=0, 2=0, 3=0, 4=0, 5=0, 6=58, 7=0, 8=0, 9=0, 10=0}, {0=0, 1=0, 2=0, 3=0, 4=0, 5=0, 6=0, 7=0, 8=0, 9=235, 10=0}, {0=0, 1=0, 2=0, 3=0, 4=0, 5=0, 6=0, 7=2, 8=0, 9=1, 10=2}]
[{0=7, 1=5, 2=7, 3=2, 4=10, 5=9, 6=7, 7=9, 8=10, 9=4, 10=6}, {0=0, 1=0, 2=0, 3=0, 4=0, 5=0, 6=0, 7=0, 8=0, 9=0, 10=158}, {0=0, 1=0, 2=0, 3=0, 4=0, 5=0, 6=0, 7=0, 8=0, 9=0, 10=130}, {0=0, 1=0, 2=0, 3=0, 4=0, 5=0, 6=0, 7=0, 8=0, 9=0, 10=50}, {0=0, 1=0, 2=0, 3=0, 4=0, 5=0, 6=0, 7=0, 8=0, 9=0, 10=50}, {0=0, 1=0, 2=0, 3=0, 4=0, 5=0, 6=0, 7=0, 8=0, 9=0, 10=55}, {0=0, 1=0, 2=0, 3=0, 4=0, 5=53, 6=0, 7=0, 8=0, 9=0, 10=0}, {0=0, 1=0, 2=0, 3=0, 4=0, 5=0, 6=63, 7=0, 8=0, 9=0, 10=0}, {0=0, 1=0, 2=0, 3=0, 4=0, 5=0, 6=0, 7=0, 8=0, 9=0, 10=45}, {0=0, 1=0, 2=0, 3=0, 4=0, 5=0, 6=0, 7=0, 8=0, 9=0, 10=213}, {0=0, 1=0, 2=2, 3=1, 4=1, 5=2, 6=0, 7=0, 8=0, 9=2, 10=0}]
[{0=3, 1=1, 2=3, 3=2, 4=2, 5=1, 6=1, 7=3, 8=2, 9=3, 10=7}, {0=0, 1=0, 2=0, 3=0, 4=0, 5=0, 6=0, 7=0, 8=0, 9=0, 10=195}, {0=0, 1=0, 2=0, 3=0, 4=0, 5=0, 6=0, 7=0, 8=0, 9=421, 10=0}, {0=0, 1=0, 2=0, 3=0, 4=0, 5=0, 6=0, 7=241, 8=0, 9=0, 10=0}, {0=0, 1=0, 2=0, 3=0, 4=0, 5=0, 6=0, 7=0, 8=0, 9=0, 10=86}, {0=0, 1=87, 2=0, 3=0, 4=0, 5=0, 6=0, 7=0, 8=0, 9=0, 10=0}, {0=0, 1=62, 2=0, 3=0, 4=0, 5=0, 6=0, 7=0, 8=0, 9=0, 10=0}, {0=0, 1=0, 2=0, 3=0, 4=0, 5=0, 6=0, 7=0, 8=0, 9=74, 10=0}, {0=0, 1=0, 2=0, 3=0, 4=0, 5=0, 6=0, 7=0, 8=0, 9=0, 10=81}, {0=0, 1=0, 2=0, 3=0, 4=0, 5=0, 6=0, 7=0, 8=0, 9=231, 10=0}, {0=2, 1=0, 2=0, 3=1, 4=0, 5=2, 6=1, 7=1, 8=0, 9=0, 10=2}]
[{0=3, 1=0, 2=2, 3=4, 4=1, 5=2, 6=1, 7=1, 8=4, 9=4, 10=4}, {0=0, 1=0, 2=0, 3=0, 4=0, 5=0, 6=0, 7=0, 8=0, 9=0, 10=255}, {0=0, 1=0, 2=0, 3=0, 4=0, 5=0, 6=0, 7=0, 8=0, 9=400, 10=0}, {0=0, 1=0, 2=0, 3=0, 4=0, 5=0, 6=159, 7=0, 8=0, 9=0, 10=0}, {0=0, 1=0, 2=0, 3=0, 4=0, 5=0, 6=0, 7=0, 8=0, 9=0, 10=71}, {0=84, 1=0, 2=0, 3=0, 4=0, 5=0, 6=0, 7=0, 8=0, 9=0, 10=0}, {0=0, 1=0, 2=0, 3=0, 4=0, 5=0, 6=0, 7=0, 8=69, 9=0, 10=0}, {0=0, 1=0, 2=0, 3=0, 4=0, 5=69, 6=0, 7=0, 8=0, 9=0, 10=0}, {0=0, 1=0, 2=0, 3=0, 4=0, 5=0, 6=0, 7=0, 8=0, 9=0, 10=77}, {0=0, 1=0, 2=0, 3=0, 4=0, 5=0, 6=0, 7=0, 8=0, 9=230, 10=0}, {0=0, 1=1, 2=1, 3=1, 4=1, 5=0, 6=1, 7=0, 8=0, 9=1, 10=2}]
[{0=3, 1=2, 2=4, 3=3, 4=1, 5=2, 6=2, 7=1, 8=3, 9=3, 10=3}, {0=0, 1=0, 2=0, 3=0, 4=0, 5=0, 6=0, 7=0, 8=0, 9=0, 10=209}, {0=0, 1=0, 2=0, 3=0, 4=0, 5=0, 6=0, 7=0, 8=0, 9=441, 10=0}, {0=0, 1=0, 2=0, 3=0, 4=0, 5=0, 6=193, 7=0, 8=0, 9=0, 10=0}, {0=0, 1=0, 2=0, 3=0, 4=0, 5=0, 6=0, 7=0, 8=0, 9=0, 10=80}, {0=0, 1=0, 2=0, 3=0, 4=0, 5=0, 6=101, 7=0, 8=0, 9=0, 10=0}, {0=0, 1=0, 2=86, 3=0, 4=0, 5=0, 6=0, 7=0, 8=0, 9=0, 10=0}, {0=0, 1=0, 2=0, 3=0, 4=0, 5=0, 6=0, 7=0, 8=0, 9=85, 10=0}, {0=0, 1=0, 2=0, 3=0, 4=0, 5=0, 6=0, 7=94, 8=0, 9=0, 10=0}, {0=0, 1=0, 2=0, 3=0, 4=0, 5=0, 6=0, 7=0, 8=0, 9=0, 10=231}, {0=0, 1=1, 2=0, 3=1, 4=0, 5=1, 6=0, 7=3, 8=0, 9=2, 10=1}]
[{0=0, 1=0, 2=0, 3=0, 4=0, 5=0, 6=0, 7=0, 8=0, 9=0, 10=0}, {0=0, 1=0, 2=0, 3=0, 4=0, 5=0, 6=0, 7=0, 8=0, 9=0, 10=79}, {0=0, 1=0, 2=0, 3=0, 4=0, 5=0, 6=0, 7=0, 8=0, 9=0, 10=35}, {0=0, 1=0, 2=0, 3=0, 4=0, 5=0, 6=9, 7=0, 8=0, 9=0, 10=0}, {0=0, 1=0, 2=6, 3=0, 4=0, 5=0, 6=0, 7=0, 8=0, 9=0, 10=0}, {0=0, 1=0, 2=0, 3=0, 4=0, 5=0, 6=0, 7=7, 8=0, 9=0, 10=0}, {0=0, 1=0, 2=2, 3=0, 4=0, 5=0, 6=0, 7=0, 8=0, 9=0, 10=0}, {0=0, 1=0, 2=0, 3=0, 4=0, 5=0, 6=0, 7=0, 8=0, 9=0, 10=7}, {0=0, 1=0, 2=0, 3=0, 4=9719, 5=0, 6=0, 7=0, 8=0, 9=0, 10=0}, {0=0, 1=0, 2=0, 3=0, 4=0, 5=0, 6=0, 7=0, 8=0, 9=0, 10=16}, {0=0, 1=0, 2=0, 3=0, 4=0, 5=0, 6=0, 7=0, 8=0, 9=0, 10=0}]
[{0=2, 1=0, 2=2, 3=3, 4=3, 5=1, 6=1, 7=2, 8=2, 9=1, 10=2}, {0=0, 1=0, 2=0, 3=0, 4=0, 5=0, 6=0, 7=171, 8=0, 9=0, 10=0}, {0=0, 1=0, 2=0, 3=0, 4=0, 5=0, 6=0, 7=0, 8=0, 9=0, 10=434}, {0=0, 1=0, 2=0, 3=0, 4=0, 5=0, 6=0, 7=0, 8=0, 9=116, 10=0}, {0=0, 1=0, 2=0, 3=0, 4=0, 5=0, 6=0, 7=0, 8=0, 9=55, 10=0}, {0=0, 1=0, 2=0, 3=0, 4=0, 5=0, 6=75, 7=0, 8=0, 9=0, 10=0}, {0=0, 1=0, 2=0, 3=0, 4=0, 5=0, 6=0, 7=0, 8=0, 9=0, 10=59}, {0=0, 1=0, 2=0, 3=0, 4=0, 5=0, 6=0, 7=0, 8=72, 9=0, 10=0}, {0=0, 1=0, 2=0, 3=0, 4=0, 5=0, 6=0, 7=78, 8=0, 9=0, 10=0}, {0=0, 1=0, 2=0, 3=0, 4=0, 5=0, 6=0, 7=0, 8=0, 9=0, 10=222}, {0=1, 1=1, 2=0, 3=2, 4=0, 5=0, 6=0, 7=0, 8=2, 9=1, 10=0}]
[{0=4, 1=4, 2=3, 3=1, 4=0, 5=3, 6=3, 7=2, 8=2, 9=5, 10=1}, {0=0, 1=0, 2=0, 3=0, 4=0, 5=0, 6=0, 7=304, 8=0, 9=0, 10=0}, {0=0, 1=0, 2=0, 3=0, 4=0, 5=0, 6=0, 7=0, 8=0, 9=0, 10=432}, {0=0, 1=0, 2=0, 3=0, 4=0, 5=0, 6=0, 7=0, 8=0, 9=0, 10=194}, {0=0, 1=66, 2=0, 3=0, 4=0, 5=0, 6=0, 7=0, 8=0, 9=0, 10=0}, {0=0, 1=0, 2=0, 3=0, 4=0, 5=85, 6=0, 7=0, 8=0, 9=0, 10=0}, {0=0, 1=0, 2=0, 3=0, 4=0, 5=0, 6=0, 7=0, 8=0, 9=0, 10=76}, {0=0, 1=0, 2=0, 3=0, 4=0, 5=0, 6=0, 7=110, 8=0, 9=0, 10=0}, {0=0, 1=0, 2=0, 3=0, 4=0, 5=97, 6=0, 7=0, 8=0, 9=0, 10=0}, {0=0, 1=0, 2=0, 3=0, 4=0, 5=0, 6=0, 7=0, 8=0, 9=261, 10=0}, {0=3, 1=4, 2=1, 3=1, 4=0, 5=1, 6=0, 7=0, 8=0, 9=0, 10=0}]
[{0=0, 1=0, 2=0, 3=0, 4=0, 5=0, 6=0, 7=0, 8=0, 9=0, 10=0}, {0=0, 1=0, 2=0, 3=0, 4=0, 5=0, 6=0, 7=88, 8=0, 9=0, 10=0}, {0=0, 1=0, 2=0, 3=0, 4=0, 5=0, 6=123, 7=0, 8=0, 9=0, 10=0}, {0=0, 1=0, 2=9669, 3=0, 4=0, 5=0, 6=0, 7=0, 8=0, 9=0, 10=0}, {0=0, 1=0, 2=0, 3=0, 4=0, 5=0, 6=0, 7=0, 8=0, 9=0, 10=0}, {0=0, 1=0, 2=0, 3=0, 4=0, 5=0, 6=0, 7=0, 8=0, 9=0, 10=0}, {0=0, 1=0, 2=0, 3=0, 4=0, 5=0, 6=0, 7=0, 8=0, 9=0, 10=0}, {0=0, 1=0, 2=0, 3=0, 4=0, 5=0, 6=0, 7=0, 8=0, 9=0, 10=0}, {0=0, 1=0, 2=0, 3=0, 4=0, 5=0, 6=0, 7=0, 8=0, 9=0, 10=0}, {0=0, 1=0, 2=0, 3=0, 4=0, 5=0, 6=0, 7=0, 8=0, 9=0, 10=0}, {0=0, 1=0, 2=0, 3=0, 4=0, 5=0, 6=0, 7=0, 8=0, 9=0, 10=0}]
[{0=0, 1=0, 2=0, 3=0, 4=0, 5=0, 6=0, 7=0, 8=0, 9=0, 10=0}, {0=0, 1=9873, 2=0, 3=0, 4=0, 5=0, 6=0, 7=0, 8=0, 9=0, 10=0}, {0=0, 1=0, 2=0, 3=0, 4=0, 5=0, 6=0, 7=0, 8=0, 9=7, 10=0}, {0=0, 1=0, 2=0, 3=0, 4=0, 5=0, 6=0, 7=0, 8=0, 9=0, 10=0}, {0=0, 1=0, 2=0, 3=0, 4=0, 5=0, 6=0, 7=0, 8=0, 9=0, 10=0}, {0=0, 1=0, 2=0, 3=0, 4=0, 5=0, 6=0, 7=0, 8=0, 9=0, 10=0}, {0=0, 1=0, 2=0, 3=0, 4=0, 5=0, 6=0, 7=0, 8=0, 9=0, 10=0}, {0=0, 1=0, 2=0, 3=0, 4=0, 5=0, 6=0, 7=0, 8=0, 9=0, 10=0}, {0=0, 1=0, 2=0, 3=0, 4=0, 5=0, 6=0, 7=0, 8=0, 9=0, 10=0}, {0=0, 1=0, 2=0, 3=0, 4=0, 5=0, 6=0, 7=0, 8=0, 9=0, 10=0}, {0=0, 1=0, 2=0, 3=0, 4=0, 5=0, 6=0, 7=0, 8=0, 9=0, 10=0}]
[{0=0, 1=0, 2=0, 3=0, 4=0, 5=0, 6=0, 7=0, 8=0, 9=0, 10=0}, {0=0, 1=0, 2=0, 3=0, 4=0, 5=0, 6=0, 7=0, 8=0, 9=0, 10=73}, {0=0, 1=0, 2=0, 3=0, 4=0, 5=0, 6=0, 7=0, 8=0, 9=0, 10=35}, {0=0, 1=0, 2=0, 3=0, 4=0, 5=12, 6=0, 7=0, 8=0, 9=0, 10=0}, {0=0, 1=0, 2=0, 3=0, 4=3, 5=0, 6=0, 7=0, 8=0, 9=0, 10=0}, {0=0, 1=0, 2=7, 3=0, 4=0, 5=0, 6=0, 7=0, 8=0, 9=0, 10=0}, {0=0, 1=0, 2=0, 3=0, 4=0, 5=0, 6=0, 7=5, 8=0, 9=0, 10=0}, {0=0, 1=0, 2=0, 3=0, 4=0, 5=0, 6=0, 7=102, 8=0, 9=0, 10=0}, {0=0, 1=0, 2=0, 3=0, 4=9597, 5=0, 6=0, 7=0, 8=0, 9=0, 10=0}, {0=0, 1=0, 2=0, 3=0, 4=0, 5=0, 6=0, 7=0, 8=0, 9=0, 10=46}, {0=0, 1=0, 2=0, 3=0, 4=0, 5=0, 6=0, 7=0, 8=0, 9=0, 10=0}]
[{0=140, 1=122, 2=129, 3=112, 4=129, 5=128, 6=140, 7=129, 8=130, 9=139, 10=131}, {0=0, 1=0, 2=8451, 3=0, 4=0, 5=0, 6=0, 7=0, 8=0, 9=0, 10=0}, {0=0, 1=0, 2=0, 3=0, 4=0, 5=0, 6=0, 7=0, 8=0, 9=0, 10=0}, {0=0, 1=0, 2=0, 3=0, 4=0, 5=0, 6=0, 7=0, 8=0, 9=0, 10=0}, {0=0, 1=0, 2=0, 3=0, 4=0, 5=0, 6=0, 7=0, 8=0, 9=0, 10=0}, {0=0, 1=0, 2=0, 3=0, 4=0, 5=0, 6=0, 7=0, 8=0, 9=0, 10=0}, {0=0, 1=0, 2=0, 3=0, 4=0, 5=0, 6=0, 7=0, 8=0, 9=0, 10=0}, {0=0, 1=0, 2=0, 3=0, 4=0, 5=0, 6=0, 7=0, 8=0, 9=0, 10=0}, {0=0, 1=0, 2=0, 3=0, 4=0, 5=0, 6=0, 7=0, 8=0, 9=0, 10=0}, {0=0, 1=0, 2=0, 3=0, 4=0, 5=0, 6=0, 7=0, 8=0, 9=0, 10=0}, {0=0, 1=0, 2=0, 3=0, 4=0, 5=0, 6=0, 7=0, 8=0, 9=0, 10=0}]
[{0=0, 1=0, 2=0, 3=0, 4=0, 5=0, 6=0, 7=0, 8=0, 9=0, 10=0}, {0=0, 1=0, 2=0, 3=9880, 4=0, 5=0, 6=0, 7=0, 8=0, 9=0, 10=0}, {0=0, 1=0, 2=0, 3=0, 4=0, 5=0, 6=0, 7=0, 8=0, 9=0, 10=0}, {0=0, 1=0, 2=0, 3=0, 4=0, 5=0, 6=0, 7=0, 8=0, 9=0, 10=0}, {0=0, 1=0, 2=0, 3=0, 4=0, 5=0, 6=0, 7=0, 8=0, 9=0, 10=0}, {0=0, 1=0, 2=0, 3=0, 4=0, 5=0, 6=0, 7=0, 8=0, 9=0, 10=0}, {0=0, 1=0, 2=0, 3=0, 4=0, 5=0, 6=0, 7=0, 8=0, 9=0, 10=0}, {0=0, 1=0, 2=0, 3=0, 4=0, 5=0, 6=0, 7=0, 8=0, 9=0, 10=0}, {0=0, 1=0, 2=0, 3=0, 4=0, 5=0, 6=0, 7=0, 8=0, 9=0, 10=0}, {0=0, 1=0, 2=0, 3=0, 4=0, 5=0, 6=0, 7=0, 8=0, 9=0, 10=0}, {0=0, 1=0, 2=0, 3=0, 4=0, 5=0, 6=0, 7=0, 8=0, 9=0, 10=0}]
[{0=0, 1=0, 2=0, 3=0, 4=0, 5=0, 6=0, 7=0, 8=0, 9=0, 10=0}, {0=0, 1=0, 2=0, 3=0, 4=0, 5=0, 6=0, 7=0, 8=0, 9=89, 10=0}, {0=0, 1=0, 2=0, 3=0, 4=0, 5=0, 6=0, 7=0, 8=0, 9=0, 10=39}, {0=0, 1=0, 2=0, 3=0, 4=0, 5=0, 6=0, 7=0, 8=0, 9=0, 10=9}, {0=0, 1=0, 2=0, 3=0, 4=0, 5=0, 6=0, 7=0, 8=5, 9=0, 10=0}, {0=0, 1=0, 2=0, 3=0, 4=0, 5=0, 6=0, 7=0, 8=0, 9=2, 10=0}, {0=0, 1=0, 2=0, 3=7456, 4=0, 5=0, 6=0, 7=0, 8=0, 9=0, 10=0}, {0=0, 1=0, 2=0, 3=2271, 4=0, 5=0, 6=0, 7=0, 8=0, 9=0, 10=0}, {0=0, 1=0, 2=0, 3=3, 4=0, 5=0, 6=0, 7=0, 8=0, 9=0, 10=0}, {0=0, 1=0, 2=0, 3=0, 4=0, 5=0, 6=0, 7=0, 8=0, 9=0, 10=6}, {0=0, 1=0, 2=0, 3=0, 4=0, 5=0, 6=0, 7=0, 8=0, 9=0, 10=0}]
[{0=3, 1=2, 2=3, 3=1, 4=2, 5=5, 6=3, 7=4, 8=5, 9=1, 10=1}, {0=0, 1=0, 2=0, 3=0, 4=0, 5=0, 6=0, 7=0, 8=0, 9=0, 10=220}, {0=0, 1=0, 2=0, 3=0, 4=0, 5=0, 6=0, 7=0, 8=436, 9=0, 10=0}, {0=0, 1=0, 2=0, 3=0, 4=0, 5=0, 6=0, 7=0, 8=0, 9=229, 10=0}, {0=0, 1=0, 2=0, 3=0, 4=0, 5=0, 6=0, 7=73, 8=0, 9=0, 10=0}, {0=0, 1=0, 2=0, 3=0, 4=0, 5=0, 6=0, 7=0, 8=72, 9=0, 10=0}, {0=88, 1=0, 2=0, 3=0, 4=0, 5=0, 6=0, 7=0, 8=0, 9=0, 10=0}, {0=0, 1=0, 2=0, 3=0, 4=0, 5=0, 6=0, 7=0, 8=67, 9=0, 10=0}, {0=0, 1=0, 2=0, 3=0, 4=0, 5=0, 6=0, 7=0, 8=0, 9=68, 10=0}, {0=0, 1=0, 2=0, 3=0, 4=0, 5=0, 6=0, 7=0, 8=0, 9=253, 10=0}, {0=1, 1=0, 2=1, 3=0, 4=1, 5=0, 6=1, 7=3, 8=1, 9=2, 10=0}]
[{0=0, 1=0, 2=0, 3=0, 4=0, 5=0, 6=0, 7=0, 8=0, 9=0, 10=0}, {0=0, 1=0, 2=9880, 3=0, 4=0, 5=0, 6=0, 7=0, 8=0, 9=0, 10=0}, {0=0, 1=0, 2=0, 3=0, 4=0, 5=0, 6=0, 7=0, 8=0, 9=0, 10=0}, {0=0, 1=0, 2=0, 3=0, 4=0, 5=0, 6=0, 7=0, 8=0, 9=0, 10=0}, {0=0, 1=0, 2=0, 3=0, 4=0, 5=0, 6=0, 7=0, 8=0, 9=0, 10=0}, {0=0, 1=0, 2=0, 3=0, 4=0, 5=0, 6=0, 7=0, 8=0, 9=0, 10=0}, {0=0, 1=0, 2=0, 3=0, 4=0, 5=0, 6=0, 7=0, 8=0, 9=0, 10=0}, {0=0, 1=0, 2=0, 3=0, 4=0, 5=0, 6=0, 7=0, 8=0, 9=0, 10=0}, {0=0, 1=0, 2=0, 3=0, 4=0, 5=0, 6=0, 7=0, 8=0, 9=0, 10=0}, {0=0, 1=0, 2=0, 3=0, 4=0, 5=0, 6=0, 7=0, 8=0, 9=0, 10=0}, {0=0, 1=0, 2=0, 3=0, 4=0, 5=0, 6=0, 7=0, 8=0, 9=0, 10=0}]
[{0=0, 1=0, 2=0, 3=0, 4=0, 5=0, 6=0, 7=0, 8=0, 9=0, 10=0}, {0=0, 1=0, 2=0, 3=0, 4=0, 5=0, 6=0, 7=0, 8=132, 9=0, 10=0}, {0=0, 1=0, 2=0, 3=0, 4=0, 5=0, 6=77, 7=0, 8=0, 9=0, 10=0}, {0=31, 1=0, 2=0, 3=0, 4=0, 5=0, 6=0, 7=0, 8=0, 9=0, 10=0}, {0=0, 1=0, 2=0, 3=9640, 4=0, 5=0, 6=0, 7=0, 8=0, 9=0, 10=0}, {0=0, 1=0, 2=0, 3=0, 4=0, 5=0, 6=0, 7=0, 8=0, 9=0, 10=0}, {0=0, 1=0, 2=0, 3=0, 4=0, 5=0, 6=0, 7=0, 8=0, 9=0, 10=0}, {0=0, 1=0, 2=0, 3=0, 4=0, 5=0, 6=0, 7=0, 8=0, 9=0, 10=0}, {0=0, 1=0, 2=0, 3=0, 4=0, 5=0, 6=0, 7=0, 8=0, 9=0, 10=0}, {0=0, 1=0, 2=0, 3=0, 4=0, 5=0, 6=0, 7=0, 8=0, 9=0, 10=0}, {0=0, 1=0, 2=0, 3=0, 4=0, 5=0, 6=0, 7=0, 8=0, 9=0, 10=0}]
[{0=0, 1=0, 2=0, 3=0, 4=0, 5=0, 6=0, 7=0, 8=0, 9=0, 10=0}, {0=0, 1=0, 2=0, 3=0, 4=0, 5=0, 6=0, 7=192, 8=0, 9=0, 10=0}, {0=0, 1=0, 2=0, 3=0, 4=9688, 5=0, 6=0, 7=0, 8=0, 9=0, 10=0}, {0=0, 1=0, 2=0, 3=0, 4=0, 5=0, 6=0, 7=0, 8=0, 9=0, 10=0}, {0=0, 1=0, 2=0, 3=0, 4=0, 5=0, 6=0, 7=0, 8=0, 9=0, 10=0}, {0=0, 1=0, 2=0, 3=0, 4=0, 5=0, 6=0, 7=0, 8=0, 9=0, 10=0}, {0=0, 1=0, 2=0, 3=0, 4=0, 5=0, 6=0, 7=0, 8=0, 9=0, 10=0}, {0=0, 1=0, 2=0, 3=0, 4=0, 5=0, 6=0, 7=0, 8=0, 9=0, 10=0}, {0=0, 1=0, 2=0, 3=0, 4=0, 5=0, 6=0, 7=0, 8=0, 9=0, 10=0}, {0=0, 1=0, 2=0, 3=0, 4=0, 5=0, 6=0, 7=0, 8=0, 9=0, 10=0}, {0=0, 1=0, 2=0, 3=0, 4=0, 5=0, 6=0, 7=0, 8=0, 9=0, 10=0}]
[{0=129, 1=102, 2=90, 3=108, 4=110, 5=130, 6=115, 7=110, 8=125, 9=98, 10=119}, {0=0, 1=0, 2=0, 3=0, 4=0, 5=8623, 6=0, 7=0, 8=0, 9=0, 10=0}, {0=0, 1=0, 2=0, 3=0, 4=0, 5=0, 6=0, 7=0, 8=21, 9=0, 10=0}, {0=0, 1=0, 2=0, 3=0, 4=0, 5=0, 6=0, 7=0, 8=0, 9=0, 10=0}, {0=0, 1=0, 2=0, 3=0, 4=0, 5=0, 6=0, 7=0, 8=0, 9=0, 10=0}, {0=0, 1=0, 2=0, 3=0, 4=0, 5=0, 6=0, 7=0, 8=0, 9=0, 10=0}, {0=0, 1=0, 2=0, 3=0, 4=0, 5=0, 6=0, 7=0, 8=0, 9=0, 10=0}, {0=0, 1=0, 2=0, 3=0, 4=0, 5=0, 6=0, 7=0, 8=0, 9=0, 10=0}, {0=0, 1=0, 2=0, 3=0, 4=0, 5=0, 6=0, 7=0, 8=0, 9=0, 10=0}, {0=0, 1=0, 2=0, 3=0, 4=0, 5=0, 6=0, 7=0, 8=0, 9=0, 10=0}, {0=0, 1=0, 2=0, 3=0, 4=0, 5=0, 6=0, 7=0, 8=0, 9=0, 10=0}]
[{0=2, 1=0, 2=1, 3=4, 4=2, 5=2, 6=0, 7=2, 8=1, 9=1, 10=0}, {0=0, 1=0, 2=0, 3=0, 4=0, 5=9852, 6=0, 7=0, 8=0, 9=0, 10=0}, {0=0, 1=0, 2=0, 3=0, 4=0, 5=0, 6=0, 7=0, 8=0, 9=0, 10=13}, {0=0, 1=0, 2=0, 3=0, 4=0, 5=0, 6=0, 7=0, 8=0, 9=0, 10=0}, {0=0, 1=0, 2=0, 3=0, 4=0, 5=0, 6=0, 7=0, 8=0, 9=0, 10=0}, {0=0, 1=0, 2=0, 3=0, 4=0, 5=0, 6=0, 7=0, 8=0, 9=0, 10=0}, {0=0, 1=0, 2=0, 3=0, 4=0, 5=0, 6=0, 7=0, 8=0, 9=0, 10=0}, {0=0, 1=0, 2=0, 3=0, 4=0, 5=0, 6=0, 7=0, 8=0, 9=0, 10=0}, {0=0, 1=0, 2=0, 3=0, 4=0, 5=0, 6=0, 7=0, 8=0, 9=0, 10=0}, {0=0, 1=0, 2=0, 3=0, 4=0, 5=0, 6=0, 7=0, 8=0, 9=0, 10=0}, {0=0, 1=0, 2=0, 3=0, 4=0, 5=0, 6=0, 7=0, 8=0, 9=0, 10=0}]
[{0=0, 1=0, 2=0, 3=0, 4=0, 5=0, 6=0, 7=0, 8=0, 9=0, 10=0}, {0=0, 1=0, 2=0, 3=0, 4=0, 5=0, 6=0, 7=0, 8=0, 9=0, 10=217}, {0=8710, 1=0, 2=0, 3=0, 4=0, 5=0, 6=0, 7=0, 8=0, 9=0, 10=0}, {0=0, 1=0, 2=0, 3=0, 4=0, 5=0, 6=0, 7=270, 8=0, 9=0, 10=0}, {0=0, 1=0, 2=0, 3=0, 4=0, 5=0, 6=0, 7=0, 8=0, 9=0, 10=71}, {0=0, 1=0, 2=0, 3=0, 4=0, 5=0, 6=0, 7=0, 8=0, 9=0, 10=77}, {0=0, 1=0, 2=0, 3=0, 4=0, 5=0, 6=0, 7=0, 8=0, 9=0, 10=67}, {0=0, 1=0, 2=0, 3=0, 4=0, 5=0, 6=0, 7=0, 8=90, 9=0, 10=0}, {0=0, 1=0, 2=0, 3=0, 4=0, 5=0, 6=0, 7=0, 8=0, 9=100, 10=0}, {0=0, 1=0, 2=0, 3=0, 4=0, 5=0, 6=0, 7=0, 8=278, 9=0, 10=0}, {0=0, 1=0, 2=0, 3=0, 4=0, 5=0, 6=0, 7=0, 8=0, 9=0, 10=0}]
[{0=0, 1=25, 2=0, 3=0, 4=0, 5=0, 6=0, 7=0, 8=0, 9=0, 10=0}, {0=0, 1=0, 2=0, 3=0, 4=0, 5=0, 6=0, 7=0, 8=258, 9=0, 10=0}, {0=0, 1=0, 2=0, 3=0, 4=0, 5=0, 6=0, 7=0, 8=0, 9=0, 10=477}, {0=0, 1=0, 2=0, 3=0, 4=0, 5=0, 6=0, 7=0, 8=154, 9=0, 10=0}, {0=0, 1=0, 2=0, 3=0, 4=0, 5=0, 6=0, 7=0, 8=0, 9=69, 10=0}, {0=68, 1=0, 2=0, 3=0, 4=0, 5=0, 6=0, 7=0, 8=0, 9=0, 10=0}, {0=76, 1=0, 2=0, 3=0, 4=0, 5=0, 6=0, 7=0, 8=0, 9=0, 10=0}, {0=0, 1=0, 2=0, 3=0, 4=0, 5=0, 6=0, 7=0, 8=0, 9=0, 10=75}, {0=0, 1=0, 2=0, 3=0, 4=0, 5=78, 6=0, 7=0, 8=0, 9=0, 10=0}, {0=0, 1=0, 2=0, 3=0, 4=0, 5=0, 6=0, 7=0, 8=0, 9=0, 10=245}, {0=0, 1=0, 2=9, 3=0, 4=0, 5=0, 6=0, 7=0, 8=0, 9=0, 10=0}]
[{0=0, 1=0, 2=0, 3=0, 4=0, 5=0, 6=0, 7=0, 8=0, 9=64, 10=0}, {0=0, 1=0, 2=0, 3=0, 4=0, 5=0, 6=0, 7=0, 8=0, 9=671, 10=0}, {0=0, 1=0, 2=0, 3=0, 4=0, 5=630, 6=0, 7=0, 8=0, 9=0, 10=0}, {0=0, 1=0, 2=0, 3=0, 4=0, 5=0, 6=0, 7=302, 8=0, 9=0, 10=0}, {0=0, 1=0, 2=0, 3=0, 4=0, 5=0, 6=0, 7=139, 8=0, 9=0, 10=0}, {0=0, 1=0, 2=0, 3=0, 4=0, 5=0, 6=0, 7=0, 8=80, 9=0, 10=0}, {0=0, 1=0, 2=0, 3=0, 4=0, 5=68, 6=0, 7=0, 8=0, 9=0, 10=0}, {0=0, 1=0, 2=0, 3=0, 4=0, 5=0, 6=0, 7=0, 8=0, 9=0, 10=81}, {0=0, 1=0, 2=0, 3=0, 4=0, 5=0, 6=81, 7=0, 8=0, 9=0, 10=0}, {0=0, 1=0, 2=0, 3=0, 4=0, 5=0, 6=0, 7=0, 8=0, 9=0, 10=241}, {0=0, 1=0, 2=31, 3=0, 4=0, 5=0, 6=0, 7=0, 8=0, 9=0, 10=0}]
[{0=0, 1=0, 2=0, 3=0, 4=0, 5=0, 6=0, 7=0, 8=0, 9=0, 10=0}, {0=0, 1=0, 2=0, 3=0, 4=0, 5=0, 6=292, 7=0, 8=0, 9=0, 10=0}, {0=0, 1=0, 2=0, 3=0, 4=0, 5=0, 6=0, 7=0, 8=0, 9=0, 10=71}, {0=0, 1=0, 2=0, 3=0, 4=9517, 5=0, 6=0, 7=0, 8=0, 9=0, 10=0}, {0=0, 1=0, 2=0, 3=0, 4=0, 5=0, 6=0, 7=0, 8=0, 9=0, 10=0}, {0=0, 1=0, 2=0, 3=0, 4=0, 5=0, 6=0, 7=0, 8=0, 9=0, 10=0}, {0=0, 1=0, 2=0, 3=0, 4=0, 5=0, 6=0, 7=0, 8=0, 9=0, 10=0}, {0=0, 1=0, 2=0, 3=0, 4=0, 5=0, 6=0, 7=0, 8=0, 9=0, 10=0}, {0=0, 1=0, 2=0, 3=0, 4=0, 5=0, 6=0, 7=0, 8=0, 9=0, 10=0}, {0=0, 1=0, 2=0, 3=0, 4=0, 5=0, 6=0, 7=0, 8=0, 9=0, 10=0}, {0=0, 1=0, 2=0, 3=0, 4=0, 5=0, 6=0, 7=0, 8=0, 9=0, 10=0}]
[{0=0, 1=0, 2=0, 3=0, 4=0, 5=0, 6=0, 7=0, 8=0, 9=0, 10=0}, {0=0, 1=9876, 2=0, 3=0, 4=0, 5=0, 6=0, 7=0, 8=0, 9=0, 10=0}, {0=0, 1=0, 2=0, 3=0, 4=0, 5=0, 6=0, 7=0, 8=0, 9=0, 10=4}, {0=0, 1=0, 2=0, 3=0, 4=0, 5=0, 6=0, 7=0, 8=0, 9=0, 10=0}, {0=0, 1=0, 2=0, 3=0, 4=0, 5=0, 6=0, 7=0, 8=0, 9=0, 10=0}, {0=0, 1=0, 2=0, 3=0, 4=0, 5=0, 6=0, 7=0, 8=0, 9=0, 10=0}, {0=0, 1=0, 2=0, 3=0, 4=0, 5=0, 6=0, 7=0, 8=0, 9=0, 10=0}, {0=0, 1=0, 2=0, 3=0, 4=0, 5=0, 6=0, 7=0, 8=0, 9=0, 10=0}, {0=0, 1=0, 2=0, 3=0, 4=0, 5=0, 6=0, 7=0, 8=0, 9=0, 10=0}, {0=0, 1=0, 2=0, 3=0, 4=0, 5=0, 6=0, 7=0, 8=0, 9=0, 10=0}, {0=0, 1=0, 2=0, 3=0, 4=0, 5=0, 6=0, 7=0, 8=0, 9=0, 10=0}]
[{0=0, 1=0, 2=0, 3=0, 4=0, 5=85, 6=0, 7=0, 8=0, 9=0, 10=0}, {0=0, 1=0, 2=0, 3=0, 4=0, 5=0, 6=0, 7=0, 8=0, 9=328, 10=0}, {0=0, 1=0, 2=0, 3=0, 4=0, 5=0, 6=0, 7=0, 8=0, 9=0, 10=284}, {0=0, 1=0, 2=0, 3=0, 4=0, 5=0, 6=0, 7=77, 8=0, 9=0, 10=0}, {0=0, 1=0, 2=0, 3=0, 4=0, 5=0, 6=0, 7=0, 8=0, 9=0, 10=61}, {0=0, 1=0, 2=0, 3=0, 4=0, 5=0, 6=0, 7=0, 8=0, 9=0, 10=50}, {0=0, 1=0, 2=0, 3=0, 4=0, 5=78, 6=0, 7=0, 8=0, 9=0, 10=0}, {0=0, 1=0, 2=0, 3=0, 4=0, 5=0, 6=0, 7=0, 8=0, 9=0, 10=60}, {0=0, 1=0, 2=0, 3=0, 4=0, 5=0, 6=0, 7=0, 8=0, 9=0, 10=48}, {0=0, 1=0, 2=0, 3=0, 4=0, 5=0, 6=0, 7=0, 8=0, 9=0, 10=209}, {0=0, 1=0, 2=0, 3=0, 4=0, 5=0, 6=0, 7=0, 8=23, 9=0, 10=0}]
[{0=0, 1=0, 2=0, 3=0, 4=0, 5=0, 6=0, 7=0, 8=0, 9=0, 10=0}, {0=0, 1=0, 2=0, 3=0, 4=0, 5=0, 6=0, 7=0, 8=0, 9=0, 10=338}, {0=8693, 1=0, 2=0, 3=0, 4=0, 5=0, 6=0, 7=0, 8=0, 9=0, 10=0}, {0=0, 1=0, 2=0, 3=0, 4=0, 5=0, 6=0, 7=124, 8=0, 9=0, 10=0}, {0=0, 1=0, 2=79, 3=0, 4=0, 5=0, 6=0, 7=0, 8=0, 9=0, 10=0}, {0=0, 1=0, 2=0, 3=0, 4=0, 5=0, 6=0, 7=0, 8=118, 9=0, 10=0}, {0=0, 1=0, 2=0, 3=0, 4=0, 5=118, 6=0, 7=0, 8=0, 9=0, 10=0}, {0=0, 1=0, 2=0, 3=0, 4=0, 5=0, 6=0, 7=0, 8=0, 9=0, 10=85}, {0=0, 1=0, 2=0, 3=0, 4=0, 5=0, 6=0, 7=0, 8=0, 9=0, 10=66}, {0=0, 1=0, 2=0, 3=0, 4=0, 5=0, 6=0, 7=0, 8=0, 9=0, 10=259}, {0=0, 1=0, 2=0, 3=0, 4=0, 5=0, 6=0, 7=0, 8=0, 9=0, 10=0}]
[{0=0, 1=0, 2=0, 3=0, 4=0, 5=0, 6=25, 7=0, 8=0, 9=0, 10=0}, {0=0, 1=0, 2=0, 3=0, 4=0, 5=0, 6=0, 7=0, 8=299, 9=0, 10=0}, {0=0, 1=0, 2=0, 3=0, 4=0, 5=0, 6=0, 7=0, 8=0, 9=0, 10=500}, {0=0, 1=0, 2=0, 3=0, 4=0, 5=0, 6=0, 7=0, 8=0, 9=237, 10=0}, {0=0, 1=0, 2=0, 3=0, 4=0, 5=0, 6=0, 7=484, 8=0, 9=0, 10=0}, {0=0, 1=0, 2=0, 3=1747, 4=0, 5=0, 6=0, 7=0, 8=0, 9=0, 10=0}, {0=0, 1=0, 2=0, 3=0, 4=0, 5=0, 6=0, 7=0, 8=99, 9=0, 10=0}, {0=0, 1=0, 2=0, 3=0, 4=0, 5=119, 6=0, 7=0, 8=0, 9=0, 10=0}, {0=0, 1=0, 2=0, 3=0, 4=0, 5=0, 6=0, 7=0, 8=0, 9=0, 10=132}, {0=0, 1=0, 2=0, 3=0, 4=0, 5=0, 6=0, 7=406, 8=0, 9=0, 10=0}, {0=0, 1=0, 2=0, 3=0, 4=0, 5=0, 6=0, 7=0, 8=0, 9=0, 10=9}]
[{0=0, 1=0, 2=0, 3=17, 4=0, 5=0, 6=0, 7=0, 8=0, 9=0, 10=0}, {0=0, 1=0, 2=0, 3=0, 4=0, 5=0, 6=0, 7=0, 8=0, 9=209, 10=0}, {0=0, 1=0, 2=0, 3=0, 4=0, 5=0, 6=0, 7=0, 8=0, 9=0, 10=365}, {0=0, 1=0, 2=0, 3=0, 4=0, 5=0, 6=0, 7=0, 8=0, 9=114, 10=0}, {0=0, 1=0, 2=0, 3=0, 4=0, 5=0, 6=0, 7=65, 8=0, 9=0, 10=0}, {0=0, 1=0, 2=0, 3=0, 4=0, 5=0, 6=0, 7=0, 8=0, 9=0, 10=62}, {0=0, 1=0, 2=0, 3=0, 4=0, 5=0, 6=0, 7=0, 8=83, 9=0, 10=0}, {0=0, 1=0, 2=0, 3=0, 4=0, 5=0, 6=0, 7=0, 8=0, 9=72, 10=0}, {0=0, 1=0, 2=0, 3=0, 4=0, 5=0, 6=0, 7=0, 8=0, 9=0, 10=87}, {0=0, 1=0, 2=0, 3=0, 4=0, 5=0, 6=0, 7=261, 8=0, 9=0, 10=0}, {0=6, 1=0, 2=0, 3=0, 4=0, 5=0, 6=0, 7=0, 8=0, 9=0, 10=0}]
[{0=0, 1=118, 2=0, 3=0, 4=0, 5=0, 6=0, 7=0, 8=0, 9=0, 10=0}, {0=0, 1=0, 2=0, 3=0, 4=0, 5=0, 6=0, 7=0, 8=0, 9=0, 10=819}, {0=0, 1=0, 2=0, 3=0, 4=0, 5=0, 6=0, 7=632, 8=0, 9=0, 10=0}, {0=0, 1=0, 2=0, 3=0, 4=0, 5=0, 6=0, 7=390, 8=0, 9=0, 10=0}, {0=0, 1=0, 2=0, 3=0, 4=0, 5=165, 6=0, 7=0, 8=0, 9=0, 10=0}, {0=0, 1=0, 2=0, 3=0, 4=0, 5=0, 6=0, 7=0, 8=115, 9=0, 10=0}, {0=0, 1=0, 2=0, 3=0, 4=0, 5=0, 6=0, 7=0, 8=0, 9=0, 10=145}, {0=0, 1=0, 2=0, 3=0, 4=0, 5=0, 6=111, 7=0, 8=0, 9=0, 10=0}, {0=0, 1=0, 2=0, 3=0, 4=0, 5=0, 6=0, 7=138, 8=0, 9=0, 10=0}, {0=0, 1=0, 2=0, 3=0, 4=0, 5=0, 6=0, 7=0, 8=0, 9=538, 10=0}, {0=0, 1=0, 2=0, 3=0, 4=0, 5=0, 6=0, 7=0, 8=0, 9=0, 10=0}]
[{0=0, 1=0, 2=0, 3=0, 4=0, 5=0, 6=0, 7=0, 8=0, 9=0, 10=0}, {0=0, 1=9873, 2=0, 3=0, 4=0, 5=0, 6=0, 7=0, 8=0, 9=0, 10=0}, {0=0, 1=0, 2=0, 3=0, 4=0, 5=0, 6=0, 7=0, 8=0, 9=7, 10=0}, {0=0, 1=0, 2=0, 3=0, 4=0, 5=0, 6=0, 7=0, 8=0, 9=0, 10=0}, {0=0, 1=0, 2=0, 3=0, 4=0, 5=0, 6=0, 7=0, 8=0, 9=0, 10=0}, {0=0, 1=0, 2=0, 3=0, 4=0, 5=0, 6=0, 7=0, 8=0, 9=0, 10=0}, {0=0, 1=0, 2=0, 3=0, 4=0, 5=0, 6=0, 7=0, 8=0, 9=0, 10=0}, {0=0, 1=0, 2=0, 3=0, 4=0, 5=0, 6=0, 7=0, 8=0, 9=0, 10=0}, {0=0, 1=0, 2=0, 3=0, 4=0, 5=0, 6=0, 7=0, 8=0, 9=0, 10=0}, {0=0, 1=0, 2=0, 3=0, 4=0, 5=0, 6=0, 7=0, 8=0, 9=0, 10=0}, {0=0, 1=0, 2=0, 3=0, 4=0, 5=0, 6=0, 7=0, 8=0, 9=0, 10=0}]
[{0=0, 1=0, 2=0, 3=0, 4=0, 5=0, 6=0, 7=0, 8=0, 9=0, 10=0}, {0=0, 1=0, 2=0, 3=0, 4=0, 5=9876, 6=0, 7=0, 8=0, 9=0, 10=0}, {0=0, 1=0, 2=0, 3=0, 4=0, 5=0, 6=0, 7=0, 8=0, 9=4, 10=0}, {0=0, 1=0, 2=0, 3=0, 4=0, 5=0, 6=0, 7=0, 8=0, 9=0, 10=0}, {0=0, 1=0, 2=0, 3=0, 4=0, 5=0, 6=0, 7=0, 8=0, 9=0, 10=0}, {0=0, 1=0, 2=0, 3=0, 4=0, 5=0, 6=0, 7=0, 8=0, 9=0, 10=0}, {0=0, 1=0, 2=0, 3=0, 4=0, 5=0, 6=0, 7=0, 8=0, 9=0, 10=0}, {0=0, 1=0, 2=0, 3=0, 4=0, 5=0, 6=0, 7=0, 8=0, 9=0, 10=0}, {0=0, 1=0, 2=0, 3=0, 4=0, 5=0, 6=0, 7=0, 8=0, 9=0, 10=0}, {0=0, 1=0, 2=0, 3=0, 4=0, 5=0, 6=0, 7=0, 8=0, 9=0, 10=0}, {0=0, 1=0, 2=0, 3=0, 4=0, 5=0, 6=0, 7=0, 8=0, 9=0, 10=0}]
[{0=0, 1=0, 2=0, 3=0, 4=0, 5=0, 6=0, 7=0, 8=0, 9=0, 10=0}, {0=0, 1=0, 2=0, 3=9880, 4=0, 5=0, 6=0, 7=0, 8=0, 9=0, 10=0}, {0=0, 1=0, 2=0, 3=0, 4=0, 5=0, 6=0, 7=0, 8=0, 9=0, 10=0}, {0=0, 1=0, 2=0, 3=0, 4=0, 5=0, 6=0, 7=0, 8=0, 9=0, 10=0}, {0=0, 1=0, 2=0, 3=0, 4=0, 5=0, 6=0, 7=0, 8=0, 9=0, 10=0}, {0=0, 1=0, 2=0, 3=0, 4=0, 5=0, 6=0, 7=0, 8=0, 9=0, 10=0}, {0=0, 1=0, 2=0, 3=0, 4=0, 5=0, 6=0, 7=0, 8=0, 9=0, 10=0}, {0=0, 1=0, 2=0, 3=0, 4=0, 5=0, 6=0, 7=0, 8=0, 9=0, 10=0}, {0=0, 1=0, 2=0, 3=0, 4=0, 5=0, 6=0, 7=0, 8=0, 9=0, 10=0}, {0=0, 1=0, 2=0, 3=0, 4=0, 5=0, 6=0, 7=0, 8=0, 9=0, 10=0}, {0=0, 1=0, 2=0, 3=0, 4=0, 5=0, 6=0, 7=0, 8=0, 9=0, 10=0}]
[{0=0, 1=47, 2=0, 3=0, 4=0, 5=0, 6=0, 7=0, 8=0, 9=0, 10=0}, {0=0, 1=0, 2=0, 3=0, 4=0, 5=0, 6=0, 7=398, 8=0, 9=0, 10=0}, {0=0, 1=0, 2=0, 3=0, 4=0, 5=0, 6=0, 7=0, 8=0, 9=0, 10=431}, {0=0, 1=0, 2=0, 3=0, 4=0, 5=0, 6=219, 7=0, 8=0, 9=0, 10=0}, {0=65, 1=0, 2=0, 3=0, 4=0, 5=0, 6=0, 7=0, 8=0, 9=0, 10=0}, {0=0, 1=0, 2=0, 3=0, 4=0, 5=0, 6=0, 7=0, 8=0, 9=73, 10=0}, {0=0, 1=0, 2=0, 3=0, 4=0, 5=0, 6=0, 7=0, 8=0, 9=0, 10=75}, {0=0, 1=0, 2=0, 3=0, 4=0, 5=0, 6=0, 7=65, 8=0, 9=0, 10=0}, {0=0, 1=0, 2=0, 3=0, 4=0, 5=0, 6=0, 7=0, 8=0, 9=0, 10=73}, {0=0, 1=0, 2=0, 3=0, 4=0, 5=0, 6=0, 7=0, 8=0, 9=0, 10=220}, {0=0, 1=0, 2=0, 3=0, 4=0, 5=0, 6=27, 7=0, 8=0, 9=0, 10=0}]
[{0=0, 1=0, 2=0, 3=27, 4=0, 5=0, 6=0, 7=0, 8=0, 9=0, 10=0}, {0=0, 1=0, 2=0, 3=0, 4=0, 5=0, 6=0, 7=0, 8=0, 9=0, 10=227}, {0=0, 1=0, 2=0, 3=0, 4=0, 5=0, 6=0, 7=0, 8=0, 9=0, 10=139}, {0=0, 1=0, 2=0, 3=0, 4=0, 5=0, 6=91, 7=0, 8=0, 9=0, 10=0}, {0=47, 1=0, 2=0, 3=0, 4=0, 5=0, 6=0, 7=0, 8=0, 9=0, 10=0}, {0=0, 1=0, 2=0, 3=0, 4=0, 5=0, 6=0, 7=0, 8=0, 9=54, 10=0}, {0=0, 1=0, 2=0, 3=0, 4=0, 5=0, 6=0, 7=0, 8=0, 9=0, 10=65}, {0=0, 1=0, 2=0, 3=0, 4=0, 5=0, 6=0, 7=69, 8=0, 9=0, 10=0}, {0=0, 1=0, 2=0, 3=0, 4=0, 5=0, 6=0, 7=0, 8=0, 9=0, 10=66}, {0=0, 1=0, 2=0, 3=0, 4=0, 5=0, 6=0, 7=0, 8=0, 9=0, 10=195}, {0=0, 1=0, 2=0, 3=0, 4=0, 5=0, 6=0, 7=0, 8=0, 9=0, 10=10}]
[{0=0, 1=0, 2=0, 3=0, 4=0, 5=0, 6=0, 7=0, 8=0, 9=20, 10=0}, {0=0, 1=0, 2=0, 3=0, 4=0, 5=0, 6=0, 7=0, 8=0, 9=215, 10=0}, {0=0, 1=0, 2=0, 3=0, 4=0, 5=0, 6=0, 7=0, 8=0, 9=0, 10=384}, {0=0, 1=0, 2=0, 3=0, 4=0, 5=0, 6=135, 7=0, 8=0, 9=0, 10=0}, {0=67, 1=0, 2=0, 3=0, 4=0, 5=0, 6=0, 7=0, 8=0, 9=0, 10=0}, {0=0, 1=0, 2=0, 3=0, 4=0, 5=0, 6=0, 7=0, 8=0, 9=54, 10=0}, {0=0, 1=0, 2=0, 3=0, 4=0, 5=0, 6=0, 7=0, 8=0, 9=0, 10=64}, {0=0, 1=0, 2=0, 3=0, 4=0, 5=0, 6=0, 7=76, 8=0, 9=0, 10=0}, {0=0, 1=0, 2=0, 3=0, 4=0, 5=0, 6=0, 7=0, 8=0, 9=0, 10=70}, {0=0, 1=0, 2=0, 3=0, 4=0, 5=0, 6=0, 7=0, 8=0, 9=0, 10=195}, {0=0, 1=0, 2=5, 3=0, 4=0, 5=0, 6=0, 7=0, 8=0, 9=0, 10=0}]
[{0=0, 1=0, 2=0, 3=0, 4=0, 5=0, 6=0, 7=0, 8=0, 9=0, 10=0}, {0=0, 1=0, 2=0, 3=0, 4=0, 5=0, 6=0, 7=1125, 8=0, 9=0, 10=0}, {0=0, 1=0, 2=0, 3=0, 4=0, 5=0, 6=0, 7=861, 8=0, 9=0, 10=0}, {0=0, 1=0, 2=0, 3=0, 4=0, 5=0, 6=395, 7=0, 8=0, 9=0, 10=0}, {0=0, 1=0, 2=0, 3=0, 4=0, 5=0, 6=0, 7=0, 8=215, 9=0, 10=0}, {0=0, 1=0, 2=0, 3=0, 4=0, 5=0, 6=0, 7=151, 8=0, 9=0, 10=0}, {0=0, 1=0, 2=0, 3=0, 4=0, 5=0, 6=0, 7=0, 8=0, 9=0, 10=144}, {0=0, 1=0, 2=0, 3=0, 4=0, 5=0, 6=0, 7=147, 8=0, 9=0, 10=0}, {0=0, 1=0, 2=0, 3=0, 4=0, 5=0, 6=0, 7=0, 8=0, 9=0, 10=138}, {0=0, 1=0, 2=0, 3=0, 4=0, 5=0, 6=0, 7=0, 8=0, 9=0, 10=539}, {0=0, 1=0, 2=0, 3=0, 4=0, 5=0, 6=0, 7=0, 8=0, 9=0, 10=0}]
[{0=0, 1=0, 2=0, 3=0, 4=0, 5=0, 6=0, 7=0, 8=0, 9=0, 10=0}, {0=0, 1=0, 2=0, 3=0, 4=0, 5=0, 6=0, 7=1144, 8=0, 9=0, 10=0}, {0=0, 1=0, 2=0, 3=0, 4=0, 5=0, 6=0, 7=865, 8=0, 9=0, 10=0}, {0=0, 1=0, 2=0, 3=0, 4=0, 5=0, 6=444, 7=0, 8=0, 9=0, 10=0}, {0=0, 1=0, 2=0, 3=0, 4=0, 5=0, 6=0, 7=0, 8=212, 9=0, 10=0}, {0=0, 1=0, 2=0, 3=0, 4=0, 5=0, 6=0, 7=153, 8=0, 9=0, 10=0}, {0=0, 1=0, 2=0, 3=0, 4=0, 5=0, 6=0, 7=0, 8=0, 9=0, 10=126}, {0=0, 1=0, 2=0, 3=0, 4=0, 5=0, 6=0, 7=143, 8=0, 9=0, 10=0}, {0=0, 1=0, 2=0, 3=0, 4=0, 5=0, 6=0, 7=0, 8=0, 9=0, 10=136}, {0=0, 1=0, 2=0, 3=0, 4=0, 5=0, 6=0, 7=0, 8=0, 9=0, 10=523}, {0=0, 1=0, 2=0, 3=0, 4=0, 5=0, 6=0, 7=0, 8=0, 9=0, 10=0}]
[{0=0, 1=0, 2=0, 3=0, 4=0, 5=0, 6=0, 7=0, 8=0, 9=0, 10=0}, {0=0, 1=0, 2=0, 3=0, 4=0, 5=0, 6=0, 7=1120, 8=0, 9=0, 10=0}, {0=0, 1=0, 2=0, 3=0, 4=0, 5=0, 6=0, 7=920, 8=0, 9=0, 10=0}, {0=0, 1=0, 2=0, 3=0, 4=0, 5=0, 6=396, 7=0, 8=0, 9=0, 10=0}, {0=0, 1=0, 2=0, 3=0, 4=0, 5=0, 6=0, 7=0, 8=222, 9=0, 10=0}, {0=0, 1=0, 2=0, 3=0, 4=0, 5=0, 6=0, 7=146, 8=0, 9=0, 10=0}, {0=0, 1=0, 2=0, 3=0, 4=0, 5=0, 6=0, 7=0, 8=0, 9=0, 10=166}, {0=0, 1=0, 2=0, 3=0, 4=0, 5=0, 6=0, 7=148, 8=0, 9=0, 10=0}, {0=0, 1=0, 2=0, 3=0, 4=0, 5=0, 6=0, 7=0, 8=0, 9=0, 10=129}, {0=0, 1=0, 2=0, 3=0, 4=0, 5=0, 6=0, 7=0, 8=0, 9=542, 10=0}, {0=0, 1=0, 2=0, 3=0, 4=0, 5=0, 6=0, 7=0, 8=0, 9=0, 10=0}]
[{0=0, 1=0, 2=0, 3=0, 4=0, 5=0, 6=0, 7=0, 8=0, 9=0, 10=0}, {0=0, 1=0, 2=0, 3=0, 4=0, 5=0, 6=0, 7=1120, 8=0, 9=0, 10=0}, {0=0, 1=0, 2=0, 3=0, 4=0, 5=0, 6=0, 7=920, 8=0, 9=0, 10=0}, {0=0, 1=0, 2=0, 3=0, 4=0, 5=0, 6=396, 7=0, 8=0, 9=0, 10=0}, {0=0, 1=0, 2=0, 3=0, 4=0, 5=0, 6=0, 7=0, 8=222, 9=0, 10=0}, {0=0, 1=0, 2=0, 3=0, 4=0, 5=0, 6=0, 7=146, 8=0, 9=0, 10=0}, {0=0, 1=0, 2=0, 3=0, 4=0, 5=0, 6=0, 7=0, 8=0, 9=0, 10=166}, {0=0, 1=0, 2=0, 3=0, 4=0, 5=0, 6=0, 7=148, 8=0, 9=0, 10=0}, {0=0, 1=0, 2=0, 3=0, 4=0, 5=0, 6=0, 7=0, 8=0, 9=0, 10=129}, {0=0, 1=0, 2=0, 3=0, 4=0, 5=0, 6=0, 7=0, 8=0, 9=542, 10=0}, {0=0, 1=0, 2=0, 3=0, 4=0, 5=0, 6=0, 7=0, 8=0, 9=0, 10=0}]
[{0=0, 1=0, 2=0, 3=0, 4=0, 5=0, 6=0, 7=0, 8=0, 9=0, 10=0}, {0=0, 1=0, 2=0, 3=0, 4=0, 5=0, 6=0, 7=1120, 8=0, 9=0, 10=0}, {0=0, 1=0, 2=0, 3=0, 4=0, 5=0, 6=0, 7=920, 8=0, 9=0, 10=0}, {0=0, 1=0, 2=0, 3=0, 4=0, 5=0, 6=396, 7=0, 8=0, 9=0, 10=0}, {0=0, 1=0, 2=0, 3=0, 4=0, 5=0, 6=0, 7=0, 8=222, 9=0, 10=0}, {0=0, 1=0, 2=0, 3=0, 4=0, 5=0, 6=0, 7=146, 8=0, 9=0, 10=0}, {0=0, 1=0, 2=0, 3=0, 4=0, 5=0, 6=0, 7=0, 8=0, 9=0, 10=166}, {0=0, 1=0, 2=0, 3=0, 4=0, 5=0, 6=0, 7=148, 8=0, 9=0, 10=0}, {0=0, 1=0, 2=0, 3=0, 4=0, 5=0, 6=0, 7=0, 8=0, 9=0, 10=129}, {0=0, 1=0, 2=0, 3=0, 4=0, 5=0, 6=0, 7=0, 8=0, 9=542, 10=0}, {0=0, 1=0, 2=0, 3=0, 4=0, 5=0, 6=0, 7=0, 8=0, 9=0, 10=0}]
[{0=0, 1=0, 2=0, 3=0, 4=0, 5=0, 6=0, 7=0, 8=0, 9=0, 10=0}, {0=0, 1=0, 2=0, 3=0, 4=0, 5=0, 6=0, 7=1042, 8=0, 9=0, 10=0}, {0=0, 1=0, 2=0, 3=0, 4=0, 5=0, 6=0, 7=850, 8=0, 9=0, 10=0}, {0=0, 1=0, 2=0, 3=0, 4=0, 5=0, 6=440, 7=0, 8=0, 9=0, 10=0}, {0=0, 1=0, 2=0, 3=0, 4=0, 5=0, 6=0, 7=0, 8=213, 9=0, 10=0}, {0=0, 1=0, 2=0, 3=0, 4=0, 5=0, 6=0, 7=155, 8=0, 9=0, 10=0}, {0=0, 1=0, 2=0, 3=0, 4=0, 5=0, 6=0, 7=0, 8=0, 9=0, 10=147}, {0=0, 1=0, 2=0, 3=0, 4=0, 5=0, 6=0, 7=136, 8=0, 9=0, 10=0}, {0=0, 1=0, 2=0, 3=0, 4=0, 5=0, 6=0, 7=0, 8=0, 9=0, 10=122}, {0=0, 1=0, 2=0, 3=0, 4=0, 5=0, 6=0, 7=0, 8=0, 9=547, 10=0}, {0=0, 1=0, 2=0, 3=0, 4=0, 5=0, 6=0, 7=0, 8=0, 9=0, 10=0}]
[{0=0, 1=0, 2=0, 3=0, 4=0, 5=0, 6=0, 7=0, 8=0, 9=0, 10=0}, {0=0, 1=0, 2=0, 3=0, 4=0, 5=0, 6=0, 7=1162, 8=0, 9=0, 10=0}, {0=0, 1=0, 2=0, 3=0, 4=0, 5=0, 6=0, 7=976, 8=0, 9=0, 10=0}, {0=0, 1=0, 2=0, 3=0, 4=0, 5=0, 6=460, 7=0, 8=0, 9=0, 10=0}, {0=0, 1=0, 2=0, 3=0, 4=0, 5=0, 6=0, 7=0, 8=195, 9=0, 10=0}, {0=0, 1=0, 2=0, 3=0, 4=0, 5=0, 6=0, 7=198, 8=0, 9=0, 10=0}, {0=0, 1=0, 2=0, 3=0, 4=0, 5=0, 6=0, 7=0, 8=0, 9=0, 10=150}, {0=0, 1=0, 2=0, 3=0, 4=0, 5=0, 6=0, 7=146, 8=0, 9=0, 10=0}, {0=0, 1=0, 2=0, 3=0, 4=0, 5=0, 6=0, 7=0, 8=0, 9=0, 10=126}, {0=0, 1=0, 2=0, 3=0, 4=0, 5=0, 6=0, 7=0, 8=0, 9=517, 10=0}, {0=0, 1=0, 2=0, 3=0, 4=0, 5=0, 6=0, 7=0, 8=0, 9=0, 10=0}]
[{0=0, 1=0, 2=0, 3=0, 4=0, 5=0, 6=0, 7=0, 8=0, 9=0, 10=0}, {0=0, 1=0, 2=0, 3=0, 4=0, 5=0, 6=0, 7=1506, 8=0, 9=0, 10=0}, {0=0, 1=0, 2=0, 3=0, 4=0, 5=0, 6=0, 7=1255, 8=0, 9=0, 10=0}, {0=0, 1=0, 2=0, 3=0, 4=0, 5=0, 6=590, 7=0, 8=0, 9=0, 10=0}, {0=0, 1=0, 2=0, 3=0, 4=0, 5=0, 6=0, 7=0, 8=292, 9=0, 10=0}, {0=0, 1=0, 2=235, 3=0, 4=0, 5=0, 6=0, 7=0, 8=0, 9=0, 10=0}, {0=0, 1=0, 2=0, 3=0, 4=0, 5=0, 6=0, 7=0, 8=0, 9=0, 10=184}, {0=0, 1=0, 2=0, 3=0, 4=0, 5=0, 6=0, 7=163, 8=0, 9=0, 10=0}, {0=0, 1=0, 2=0, 3=0, 4=0, 5=0, 6=0, 7=0, 8=0, 9=0, 10=174}, {0=0, 1=0, 2=0, 3=0, 4=0, 5=0, 6=0, 7=0, 8=0, 9=612, 10=0}, {0=0, 1=0, 2=0, 3=0, 4=0, 5=0, 6=0, 7=0, 8=0, 9=0, 10=0}]
[{0=0, 1=0, 2=0, 3=0, 4=0, 5=0, 6=0, 7=0, 8=0, 9=0, 10=0}, {0=0, 1=0, 2=0, 3=0, 4=0, 5=0, 6=0, 7=1084, 8=0, 9=0, 10=0}, {0=0, 1=0, 2=0, 3=0, 4=0, 5=0, 6=0, 7=950, 8=0, 9=0, 10=0}, {0=0, 1=0, 2=0, 3=0, 4=0, 5=0, 6=471, 7=0, 8=0, 9=0, 10=0}, {0=0, 1=0, 2=0, 3=0, 4=0, 5=0, 6=0, 7=0, 8=209, 9=0, 10=0}, {0=0, 1=0, 2=0, 3=0, 4=0, 5=0, 6=0, 7=152, 8=0, 9=0, 10=0}, {0=0, 1=0, 2=0, 3=0, 4=0, 5=0, 6=0, 7=0, 8=0, 9=0, 10=170}, {0=0, 1=0, 2=0, 3=0, 4=0, 5=0, 6=0, 7=174, 8=0, 9=0, 10=0}, {0=0, 1=0, 2=0, 3=0, 4=0, 5=0, 6=0, 7=0, 8=0, 9=0, 10=160}, {0=0, 1=0, 2=0, 3=0, 4=0, 5=0, 6=0, 7=0, 8=619, 9=0, 10=0}, {0=0, 1=0, 2=0, 3=0, 4=0, 5=0, 6=0, 7=0, 8=0, 9=0, 10=0}]
[{0=0, 1=0, 2=0, 3=0, 4=0, 5=0, 6=0, 7=0, 8=0, 9=0, 10=0}, {0=0, 1=0, 2=0, 3=0, 4=0, 5=0, 6=0, 7=1194, 8=0, 9=0, 10=0}, {0=0, 1=0, 2=0, 3=0, 4=0, 5=0, 6=0, 7=996, 8=0, 9=0, 10=0}, {0=0, 1=0, 2=0, 3=0, 4=0, 5=0, 6=493, 7=0, 8=0, 9=0, 10=0}, {0=0, 1=0, 2=0, 3=0, 4=0, 5=0, 6=0, 7=0, 8=214, 9=0, 10=0}, {0=0, 1=0, 2=0, 3=0, 4=0, 5=0, 6=0, 7=162, 8=0, 9=0, 10=0}, {0=0, 1=0, 2=0, 3=0, 4=0, 5=0, 6=0, 7=0, 8=0, 9=0, 10=163}, {0=0, 1=0, 2=0, 3=0, 4=0, 5=0, 6=0, 7=154, 8=0, 9=0, 10=0}, {0=0, 1=0, 2=0, 3=0, 4=0, 5=0, 6=0, 7=0, 8=0, 9=0, 10=171}, {0=0, 1=0, 2=0, 3=0, 4=0, 5=0, 6=0, 7=0, 8=635, 9=0, 10=0}, {0=0, 1=0, 2=0, 3=0, 4=0, 5=0, 6=0, 7=0, 8=0, 9=0, 10=0}]
[{0=0, 1=0, 2=0, 3=0, 4=0, 5=0, 6=0, 7=0, 8=0, 9=0, 10=0}, {0=0, 1=0, 2=0, 3=0, 4=0, 5=0, 6=0, 7=1194, 8=0, 9=0, 10=0}, {0=0, 1=0, 2=0, 3=0, 4=0, 5=0, 6=0, 7=996, 8=0, 9=0, 10=0}, {0=0, 1=0, 2=0, 3=0, 4=0, 5=0, 6=493, 7=0, 8=0, 9=0, 10=0}, {0=0, 1=0, 2=0, 3=0, 4=0, 5=0, 6=0, 7=0, 8=214, 9=0, 10=0}, {0=0, 1=0, 2=0, 3=0, 4=0, 5=0, 6=0, 7=162, 8=0, 9=0, 10=0}, {0=0, 1=0, 2=0, 3=0, 4=0, 5=0, 6=0, 7=0, 8=0, 9=0, 10=163}, {0=0, 1=0, 2=0, 3=0, 4=0, 5=0, 6=0, 7=154, 8=0, 9=0, 10=0}, {0=0, 1=0, 2=0, 3=0, 4=0, 5=0, 6=0, 7=0, 8=0, 9=0, 10=171}, {0=0, 1=0, 2=0, 3=0, 4=0, 5=0, 6=0, 7=0, 8=635, 9=0, 10=0}, {0=0, 1=0, 2=0, 3=0, 4=0, 5=0, 6=0, 7=0, 8=0, 9=0, 10=0}]
[{0=0, 1=0, 2=0, 3=0, 4=0, 5=0, 6=0, 7=0, 8=0, 9=0, 10=0}, {0=0, 1=0, 2=0, 3=0, 4=0, 5=0, 6=0, 7=1194, 8=0, 9=0, 10=0}, {0=0, 1=0, 2=0, 3=0, 4=0, 5=0, 6=0, 7=996, 8=0, 9=0, 10=0}, {0=0, 1=0, 2=0, 3=0, 4=0, 5=0, 6=493, 7=0, 8=0, 9=0, 10=0}, {0=0, 1=0, 2=0, 3=0, 4=0, 5=0, 6=0, 7=0, 8=214, 9=0, 10=0}, {0=0, 1=0, 2=0, 3=0, 4=0, 5=0, 6=0, 7=162, 8=0, 9=0, 10=0}, {0=0, 1=0, 2=0, 3=0, 4=0, 5=0, 6=0, 7=0, 8=0, 9=0, 10=163}, {0=0, 1=0, 2=0, 3=0, 4=0, 5=0, 6=0, 7=154, 8=0, 9=0, 10=0}, {0=0, 1=0, 2=0, 3=0, 4=0, 5=0, 6=0, 7=0, 8=0, 9=0, 10=171}, {0=0, 1=0, 2=0, 3=0, 4=0, 5=0, 6=0, 7=0, 8=635, 9=0, 10=0}, {0=0, 1=0, 2=0, 3=0, 4=0, 5=0, 6=0, 7=0, 8=0, 9=0, 10=0}]
[{0=0, 1=0, 2=0, 3=0, 4=0, 5=0, 6=0, 7=0, 8=0, 9=0, 10=0}, {0=0, 1=0, 2=0, 3=0, 4=0, 5=0, 6=0, 7=1148, 8=0, 9=0, 10=0}, {0=0, 1=0, 2=0, 3=0, 4=0, 5=0, 6=0, 7=1017, 8=0, 9=0, 10=0}, {0=0, 1=0, 2=0, 3=0, 4=0, 5=0, 6=466, 7=0, 8=0, 9=0, 10=0}, {0=0, 1=0, 2=0, 3=0, 4=0, 5=0, 6=0, 7=0, 8=212, 9=0, 10=0}, {0=0, 1=0, 2=0, 3=0, 4=0, 5=0, 6=0, 7=188, 8=0, 9=0, 10=0}, {0=0, 1=0, 2=0, 3=0, 4=0, 5=0, 6=0, 7=0, 8=0, 9=0, 10=162}, {0=0, 1=0, 2=0, 3=0, 4=0, 5=0, 6=0, 7=183, 8=0, 9=0, 10=0}, {0=0, 1=0, 2=0, 3=0, 4=0, 5=0, 6=0, 7=0, 8=0, 9=0, 10=175}, {0=0, 1=0, 2=0, 3=0, 4=0, 5=0, 6=0, 7=0, 8=614, 9=0, 10=0}, {0=0, 1=0, 2=0, 3=0, 4=0, 5=0, 6=0, 7=0, 8=0, 9=0, 10=0}]
[{0=0, 1=0, 2=0, 3=0, 4=0, 5=0, 6=0, 7=0, 8=0, 9=0, 10=0}, {0=0, 1=0, 2=0, 3=0, 4=0, 5=0, 6=0, 7=1178, 8=0, 9=0, 10=0}, {0=0, 1=0, 2=0, 3=0, 4=0, 5=0, 6=0, 7=888, 8=0, 9=0, 10=0}, {0=0, 1=0, 2=0, 3=0, 4=0, 5=0, 6=443, 7=0, 8=0, 9=0, 10=0}, {0=0, 1=0, 2=0, 3=0, 4=0, 5=0, 6=0, 7=0, 8=222, 9=0, 10=0}, {0=0, 1=0, 2=0, 3=0, 4=0, 5=0, 6=0, 7=152, 8=0, 9=0, 10=0}, {0=0, 1=0, 2=0, 3=0, 4=0, 5=0, 6=0, 7=0, 8=0, 9=0, 10=167}, {0=0, 1=0, 2=0, 3=0, 4=0, 5=0, 6=0, 7=137, 8=0, 9=0, 10=0}, {0=0, 1=0, 2=0, 3=0, 4=0, 5=0, 6=0, 7=0, 8=0, 9=0, 10=139}, {0=0, 1=0, 2=0, 3=0, 4=0, 5=0, 6=0, 7=0, 8=0, 9=534, 10=0}, {0=0, 1=0, 2=0, 3=0, 4=0, 5=0, 6=0, 7=0, 8=0, 9=0, 10=0}]
[{0=0, 1=0, 2=0, 3=0, 4=0, 5=0, 6=0, 7=0, 8=0, 9=0, 10=0}, {0=0, 1=0, 2=0, 3=0, 4=0, 5=0, 6=0, 7=1248, 8=0, 9=0, 10=0}, {0=0, 1=0, 2=0, 3=0, 4=0, 5=0, 6=0, 7=1078, 8=0, 9=0, 10=0}, {0=0, 1=0, 2=0, 3=0, 4=0, 5=0, 6=499, 7=0, 8=0, 9=0, 10=0}, {0=0, 1=0, 2=0, 3=0, 4=0, 5=0, 6=0, 7=0, 8=203, 9=0, 10=0}, {0=0, 1=0, 2=0, 3=0, 4=0, 5=0, 6=0, 7=172, 8=0, 9=0, 10=0}, {0=0, 1=0, 2=0, 3=0, 4=0, 5=0, 6=0, 7=0, 8=0, 9=0, 10=166}, {0=0, 1=0, 2=0, 3=0, 4=0, 5=180, 6=0, 7=0, 8=0, 9=0, 10=0}, {0=0, 1=0, 2=0, 3=0, 4=0, 5=0, 6=0, 7=0, 8=0, 9=0, 10=240}, {0=0, 1=0, 2=0, 3=0, 4=0, 5=0, 6=1094, 7=0, 8=0, 9=0, 10=0}, {0=0, 1=0, 2=0, 3=0, 4=0, 5=0, 6=0, 7=0, 8=0, 9=0, 10=0}]
[{0=0, 1=0, 2=0, 3=0, 4=0, 5=0, 6=0, 7=0, 8=0, 9=0, 10=0}, {0=0, 1=0, 2=0, 3=0, 4=0, 5=0, 6=0, 7=1112, 8=0, 9=0, 10=0}, {0=0, 1=0, 2=0, 3=0, 4=0, 5=0, 6=0, 7=840, 8=0, 9=0, 10=0}, {0=0, 1=0, 2=0, 3=0, 4=0, 5=0, 6=450, 7=0, 8=0, 9=0, 10=0}, {0=0, 1=0, 2=0, 3=0, 4=0, 5=0, 6=0, 7=0, 8=193, 9=0, 10=0}, {0=0, 1=0, 2=0, 3=0, 4=0, 5=0, 6=0, 7=153, 8=0, 9=0, 10=0}, {0=0, 1=0, 2=0, 3=0, 4=0, 5=0, 6=0, 7=0, 8=0, 9=0, 10=144}, {0=0, 1=0, 2=0, 3=0, 4=0, 5=0, 6=0, 7=0, 8=142, 9=0, 10=0}, {0=0, 1=0, 2=0, 3=0, 4=0, 5=0, 6=0, 7=0, 8=0, 9=0, 10=114}, {0=0, 1=0, 2=0, 3=0, 4=0, 5=0, 6=0, 7=0, 8=0, 9=0, 10=513}, {0=0, 1=0, 2=0, 3=0, 4=0, 5=0, 6=0, 7=0, 8=0, 9=0, 10=0}]
[{0=0, 1=0, 2=0, 3=0, 4=0, 5=0, 6=0, 7=0, 8=0, 9=0, 10=0}, {0=0, 1=0, 2=0, 3=0, 4=0, 5=0, 6=0, 7=1112, 8=0, 9=0, 10=0}, {0=0, 1=0, 2=0, 3=0, 4=0, 5=0, 6=0, 7=840, 8=0, 9=0, 10=0}, {0=0, 1=0, 2=0, 3=0, 4=0, 5=0, 6=450, 7=0, 8=0, 9=0, 10=0}, {0=0, 1=0, 2=0, 3=0, 4=0, 5=0, 6=0, 7=0, 8=193, 9=0, 10=0}, {0=0, 1=0, 2=0, 3=0, 4=0, 5=0, 6=0, 7=153, 8=0, 9=0, 10=0}, {0=0, 1=0, 2=0, 3=0, 4=0, 5=0, 6=0, 7=0, 8=0, 9=0, 10=144}, {0=0, 1=0, 2=0, 3=0, 4=0, 5=0, 6=0, 7=0, 8=142, 9=0, 10=0}, {0=0, 1=0, 2=0, 3=0, 4=0, 5=0, 6=0, 7=0, 8=0, 9=0, 10=114}, {0=0, 1=0, 2=0, 3=0, 4=0, 5=0, 6=0, 7=0, 8=0, 9=0, 10=513}, {0=0, 1=0, 2=0, 3=0, 4=0, 5=0, 6=0, 7=0, 8=0, 9=0, 10=0}]
[{0=0, 1=0, 2=0, 3=0, 4=0, 5=0, 6=0, 7=0, 8=0, 9=0, 10=0}, {0=0, 1=0, 2=0, 3=0, 4=0, 5=0, 6=0, 7=1112, 8=0, 9=0, 10=0}, {0=0, 1=0, 2=0, 3=0, 4=0, 5=0, 6=0, 7=840, 8=0, 9=0, 10=0}, {0=0, 1=0, 2=0, 3=0, 4=0, 5=0, 6=450, 7=0, 8=0, 9=0, 10=0}, {0=0, 1=0, 2=0, 3=0, 4=0, 5=0, 6=0, 7=0, 8=193, 9=0, 10=0}, {0=0, 1=0, 2=0, 3=0, 4=0, 5=0, 6=0, 7=153, 8=0, 9=0, 10=0}, {0=0, 1=0, 2=0, 3=0, 4=0, 5=0, 6=0, 7=0, 8=0, 9=0, 10=144}, {0=0, 1=0, 2=0, 3=0, 4=0, 5=0, 6=0, 7=0, 8=142, 9=0, 10=0}, {0=0, 1=0, 2=0, 3=0, 4=0, 5=0, 6=0, 7=0, 8=0, 9=0, 10=114}, {0=0, 1=0, 2=0, 3=0, 4=0, 5=0, 6=0, 7=0, 8=0, 9=0, 10=513}, {0=0, 1=0, 2=0, 3=0, 4=0, 5=0, 6=0, 7=0, 8=0, 9=0, 10=0}]
[{0=0, 1=0, 2=0, 3=0, 4=0, 5=0, 6=0, 7=0, 8=0, 9=0, 10=0}, {0=0, 1=0, 2=0, 3=0, 4=0, 5=0, 6=0, 7=1112, 8=0, 9=0, 10=0}, {0=0, 1=0, 2=0, 3=0, 4=0, 5=0, 6=0, 7=840, 8=0, 9=0, 10=0}, {0=0, 1=0, 2=0, 3=0, 4=0, 5=0, 6=450, 7=0, 8=0, 9=0, 10=0}, {0=0, 1=0, 2=0, 3=0, 4=0, 5=0, 6=0, 7=0, 8=193, 9=0, 10=0}, {0=0, 1=0, 2=0, 3=0, 4=0, 5=0, 6=0, 7=153, 8=0, 9=0, 10=0}, {0=0, 1=0, 2=0, 3=0, 4=0, 5=0, 6=0, 7=0, 8=0, 9=0, 10=144}, {0=0, 1=0, 2=0, 3=0, 4=0, 5=0, 6=0, 7=0, 8=142, 9=0, 10=0}, {0=0, 1=0, 2=0, 3=0, 4=0, 5=0, 6=0, 7=0, 8=0, 9=0, 10=114}, {0=0, 1=0, 2=0, 3=0, 4=0, 5=0, 6=0, 7=0, 8=0, 9=0, 10=513}, {0=0, 1=0, 2=0, 3=0, 4=0, 5=0, 6=0, 7=0, 8=0, 9=0, 10=0}]
[{0=0, 1=0, 2=0, 3=0, 4=0, 5=0, 6=0, 7=0, 8=0, 9=0, 10=0}, {0=0, 1=0, 2=0, 3=0, 4=0, 5=0, 6=0, 7=1112, 8=0, 9=0, 10=0}, {0=0, 1=0, 2=0, 3=0, 4=0, 5=0, 6=0, 7=840, 8=0, 9=0, 10=0}, {0=0, 1=0, 2=0, 3=0, 4=0, 5=0, 6=450, 7=0, 8=0, 9=0, 10=0}, {0=0, 1=0, 2=0, 3=0, 4=0, 5=0, 6=0, 7=0, 8=193, 9=0, 10=0}, {0=0, 1=0, 2=0, 3=0, 4=0, 5=0, 6=0, 7=153, 8=0, 9=0, 10=0}, {0=0, 1=0, 2=0, 3=0, 4=0, 5=0, 6=0, 7=0, 8=0, 9=0, 10=144}, {0=0, 1=0, 2=0, 3=0, 4=0, 5=0, 6=0, 7=0, 8=142, 9=0, 10=0}, {0=0, 1=0, 2=0, 3=0, 4=0, 5=0, 6=0, 7=0, 8=0, 9=0, 10=114}, {0=0, 1=0, 2=0, 3=0, 4=0, 5=0, 6=0, 7=0, 8=0, 9=0, 10=513}, {0=0, 1=0, 2=0, 3=0, 4=0, 5=0, 6=0, 7=0, 8=0, 9=0, 10=0}]
[{0=0, 1=0, 2=0, 3=0, 4=0, 5=0, 6=0, 7=0, 8=0, 9=0, 10=0}, {0=0, 1=0, 2=0, 3=0, 4=0, 5=0, 6=0, 7=1112, 8=0, 9=0, 10=0}, {0=0, 1=0, 2=0, 3=0, 4=0, 5=0, 6=0, 7=840, 8=0, 9=0, 10=0}, {0=0, 1=0, 2=0, 3=0, 4=0, 5=0, 6=450, 7=0, 8=0, 9=0, 10=0}, {0=0, 1=0, 2=0, 3=0, 4=0, 5=0, 6=0, 7=0, 8=193, 9=0, 10=0}, {0=0, 1=0, 2=0, 3=0, 4=0, 5=0, 6=0, 7=153, 8=0, 9=0, 10=0}, {0=0, 1=0, 2=0, 3=0, 4=0, 5=0, 6=0, 7=0, 8=0, 9=0, 10=144}, {0=0, 1=0, 2=0, 3=0, 4=0, 5=0, 6=0, 7=0, 8=142, 9=0, 10=0}, {0=0, 1=0, 2=0, 3=0, 4=0, 5=0, 6=0, 7=0, 8=0, 9=0, 10=114}, {0=0, 1=0, 2=0, 3=0, 4=0, 5=0, 6=0, 7=0, 8=0, 9=0, 10=513}, {0=0, 1=0, 2=0, 3=0, 4=0, 5=0, 6=0, 7=0, 8=0, 9=0, 10=0}]
[{0=0, 1=0, 2=0, 3=0, 4=0, 5=0, 6=0, 7=0, 8=0, 9=0, 10=0}, {0=0, 1=0, 2=0, 3=0, 4=0, 5=0, 6=0, 7=1046, 8=0, 9=0, 10=0}, {0=0, 1=0, 2=0, 3=0, 4=0, 5=0, 6=0, 7=908, 8=0, 9=0, 10=0}, {0=0, 1=0, 2=0, 3=0, 4=0, 5=0, 6=493, 7=0, 8=0, 9=0, 10=0}, {0=0, 1=0, 2=0, 3=0, 4=0, 5=0, 6=0, 7=0, 8=172, 9=0, 10=0}, {0=0, 1=0, 2=0, 3=0, 4=0, 5=0, 6=0, 7=149, 8=0, 9=0, 10=0}, {0=0, 1=0, 2=0, 3=0, 4=0, 5=153, 6=0, 7=0, 8=0, 9=0, 10=0}, {0=0, 1=0, 2=0, 3=0, 4=0, 5=0, 6=0, 7=0, 8=149, 9=0, 10=0}, {0=0, 1=0, 2=0, 3=0, 4=0, 5=0, 6=0, 7=0, 8=0, 9=0, 10=133}, {0=0, 1=0, 2=0, 3=0, 4=0, 5=0, 6=0, 7=0, 8=0, 9=0, 10=510}, {0=0, 1=0, 2=0, 3=0, 4=0, 5=0, 6=0, 7=0, 8=0, 9=0, 10=0}]
[{0=0, 1=0, 2=0, 3=0, 4=0, 5=0, 6=0, 7=0, 8=0, 9=0, 10=0}, {0=0, 1=0, 2=0, 3=0, 4=0, 5=0, 6=0, 7=1094, 8=0, 9=0, 10=0}, {0=0, 1=0, 2=0, 3=0, 4=0, 5=0, 6=0, 7=964, 8=0, 9=0, 10=0}, {0=0, 1=0, 2=0, 3=0, 4=0, 5=0, 6=494, 7=0, 8=0, 9=0, 10=0}, {0=0, 1=0, 2=0, 3=0, 4=0, 5=0, 6=0, 7=0, 8=171, 9=0, 10=0}, {0=0, 1=0, 2=0, 3=0, 4=0, 5=0, 6=0, 7=164, 8=0, 9=0, 10=0}, {0=0, 1=0, 2=0, 3=0, 4=0, 5=157, 6=0, 7=0, 8=0, 9=0, 10=0}, {0=0, 1=0, 2=0, 3=0, 4=0, 5=0, 6=0, 7=0, 8=146, 9=0, 10=0}, {0=0, 1=0, 2=0, 3=0, 4=0, 5=0, 6=0, 7=0, 8=0, 9=0, 10=126}, {0=0, 1=0, 2=0, 3=0, 4=0, 5=0, 6=0, 7=0, 8=0, 9=0, 10=534}, {0=0, 1=0, 2=0, 3=0, 4=0, 5=0, 6=0, 7=0, 8=0, 9=0, 10=0}]
[{0=0, 1=0, 2=0, 3=0, 4=0, 5=0, 6=0, 7=0, 8=0, 9=0, 10=0}, {0=0, 1=0, 2=0, 3=0, 4=0, 5=0, 6=0, 7=1078, 8=0, 9=0, 10=0}, {0=0, 1=0, 2=0, 3=0, 4=0, 5=0, 6=0, 7=1661, 8=0, 9=0, 10=0}, {0=0, 1=0, 2=0, 3=0, 4=0, 5=0, 6=407, 7=0, 8=0, 9=0, 10=0}, {0=0, 1=0, 2=0, 3=0, 4=0, 5=0, 6=0, 7=0, 8=473, 9=0, 10=0}, {0=0, 1=0, 2=0, 3=0, 4=0, 5=0, 6=697, 7=0, 8=0, 9=0, 10=0}, {0=0, 1=0, 2=4685, 3=0, 4=0, 5=0, 6=0, 7=0, 8=0, 9=0, 10=0}, {0=0, 1=0, 2=0, 3=0, 4=0, 5=0, 6=0, 7=0, 8=171, 9=0, 10=0}, {0=0, 1=0, 2=0, 3=0, 4=0, 5=0, 6=0, 7=0, 8=0, 9=0, 10=162}, {0=0, 1=0, 2=0, 3=0, 4=0, 5=0, 6=0, 7=0, 8=0, 9=0, 10=546}, {0=0, 1=0, 2=0, 3=0, 4=0, 5=0, 6=0, 7=0, 8=0, 9=0, 10=0}]
[{0=0, 1=0, 2=0, 3=0, 4=0, 5=0, 6=0, 7=0, 8=0, 9=0, 10=0}, {0=0, 1=0, 2=0, 3=0, 4=0, 5=0, 6=0, 7=953, 8=0, 9=0, 10=0}, {0=0, 1=0, 2=0, 3=0, 4=0, 5=0, 6=0, 7=841, 8=0, 9=0, 10=0}, {0=0, 1=0, 2=0, 3=0, 4=0, 5=0, 6=420, 7=0, 8=0, 9=0, 10=0}, {0=0, 1=0, 2=0, 3=0, 4=0, 5=0, 6=0, 7=0, 8=177, 9=0, 10=0}, {0=0, 1=0, 2=0, 3=0, 4=0, 5=0, 6=0, 7=0, 8=0, 9=0, 10=156}, {0=0, 1=0, 2=0, 3=0, 4=0, 5=0, 6=0, 7=0, 8=0, 9=0, 10=155}, {0=0, 1=0, 2=0, 3=0, 4=0, 5=0, 6=0, 7=0, 8=137, 9=0, 10=0}, {0=0, 1=0, 2=0, 3=0, 4=0, 5=0, 6=0, 7=0, 8=0, 9=0, 10=126}, {0=0, 1=0, 2=0, 3=0, 4=0, 5=0, 6=0, 7=0, 8=0, 9=559, 10=0}, {0=0, 1=0, 2=0, 3=0, 4=0, 5=0, 6=0, 7=0, 8=0, 9=0, 10=0}]
[{0=0, 1=0, 2=0, 3=0, 4=0, 5=0, 6=0, 7=0, 8=0, 9=0, 10=0}, {0=0, 1=0, 2=0, 3=0, 4=0, 5=0, 6=0, 7=953, 8=0, 9=0, 10=0}, {0=0, 1=0, 2=0, 3=0, 4=0, 5=0, 6=0, 7=841, 8=0, 9=0, 10=0}, {0=0, 1=0, 2=0, 3=0, 4=0, 5=0, 6=420, 7=0, 8=0, 9=0, 10=0}, {0=0, 1=0, 2=0, 3=0, 4=0, 5=0, 6=0, 7=0, 8=177, 9=0, 10=0}, {0=0, 1=0, 2=0, 3=0, 4=0, 5=0, 6=0, 7=0, 8=0, 9=0, 10=156}, {0=0, 1=0, 2=0, 3=0, 4=0, 5=0, 6=0, 7=0, 8=0, 9=0, 10=155}, {0=0, 1=0, 2=0, 3=0, 4=0, 5=0, 6=0, 7=0, 8=137, 9=0, 10=0}, {0=0, 1=0, 2=0, 3=0, 4=0, 5=0, 6=0, 7=0, 8=0, 9=0, 10=126}, {0=0, 1=0, 2=0, 3=0, 4=0, 5=0, 6=0, 7=0, 8=0, 9=559, 10=0}, {0=0, 1=0, 2=0, 3=0, 4=0, 5=0, 6=0, 7=0, 8=0, 9=0, 10=0}]
[{0=0, 1=0, 2=0, 3=0, 4=0, 5=0, 6=0, 7=0, 8=0, 9=0, 10=0}, {0=0, 1=0, 2=0, 3=0, 4=0, 5=0, 6=0, 7=1013, 8=0, 9=0, 10=0}, {0=0, 1=0, 2=0, 3=0, 4=0, 5=0, 6=0, 7=830, 8=0, 9=0, 10=0}, {0=0, 1=0, 2=0, 3=0, 4=0, 5=0, 6=432, 7=0, 8=0, 9=0, 10=0}, {0=0, 1=0, 2=0, 3=0, 4=0, 5=0, 6=0, 7=0, 8=184, 9=0, 10=0}, {0=0, 1=0, 2=0, 3=0, 4=0, 5=0, 6=0, 7=0, 8=0, 9=0, 10=165}, {0=0, 1=0, 2=0, 3=0, 4=0, 5=0, 6=0, 7=0, 8=0, 9=0, 10=133}, {0=0, 1=0, 2=0, 3=0, 4=0, 5=0, 6=0, 7=0, 8=142, 9=0, 10=0}, {0=0, 1=0, 2=0, 3=0, 4=0, 5=0, 6=0, 7=0, 8=0, 9=0, 10=122}, {0=0, 1=0, 2=0, 3=0, 4=0, 5=0, 6=0, 7=0, 8=0, 9=562, 10=0}, {0=0, 1=0, 2=0, 3=0, 4=0, 5=0, 6=0, 7=0, 8=0, 9=0, 10=0}]
[{0=0, 1=0, 2=0, 3=0, 4=0, 5=0, 6=0, 7=0, 8=0, 9=0, 10=0}, {0=0, 1=0, 2=0, 3=0, 4=0, 5=0, 6=0, 7=1052, 8=0, 9=0, 10=0}, {0=0, 1=0, 2=0, 3=0, 4=0, 5=0, 6=0, 7=840, 8=0, 9=0, 10=0}, {0=0, 1=0, 2=0, 3=0, 4=0, 5=0, 6=424, 7=0, 8=0, 9=0, 10=0}, {0=0, 1=0, 2=0, 3=0, 4=0, 5=0, 6=0, 7=0, 8=197, 9=0, 10=0}, {0=0, 1=0, 2=0, 3=0, 4=0, 5=0, 6=0, 7=0, 8=0, 9=0, 10=131}, {0=0, 1=0, 2=0, 3=0, 4=0, 5=0, 6=0, 7=0, 8=0, 9=0, 10=160}, {0=0, 1=0, 2=0, 3=0, 4=0, 5=0, 6=0, 7=0, 8=145, 9=0, 10=0}, {0=0, 1=0, 2=0, 3=0, 4=0, 5=0, 6=0, 7=0, 8=0, 9=0, 10=150}, {0=0, 1=0, 2=0, 3=0, 4=0, 5=0, 6=0, 7=0, 8=0, 9=539, 10=0}, {0=0, 1=0, 2=0, 3=0, 4=0, 5=0, 6=0, 7=0, 8=0, 9=0, 10=0}]
[{0=0, 1=0, 2=0, 3=0, 4=0, 5=0, 6=0, 7=0, 8=0, 9=0, 10=0}, {0=0, 1=0, 2=0, 3=0, 4=0, 5=0, 6=0, 7=1052, 8=0, 9=0, 10=0}, {0=0, 1=0, 2=0, 3=0, 4=0, 5=0, 6=0, 7=840, 8=0, 9=0, 10=0}, {0=0, 1=0, 2=0, 3=0, 4=0, 5=0, 6=424, 7=0, 8=0, 9=0, 10=0}, {0=0, 1=0, 2=0, 3=0, 4=0, 5=0, 6=0, 7=0, 8=197, 9=0, 10=0}, {0=0, 1=0, 2=0, 3=0, 4=0, 5=0, 6=0, 7=0, 8=0, 9=0, 10=131}, {0=0, 1=0, 2=0, 3=0, 4=0, 5=0, 6=0, 7=0, 8=0, 9=0, 10=160}, {0=0, 1=0, 2=0, 3=0, 4=0, 5=0, 6=0, 7=0, 8=145, 9=0, 10=0}, {0=0, 1=0, 2=0, 3=0, 4=0, 5=0, 6=0, 7=0, 8=0, 9=0, 10=150}, {0=0, 1=0, 2=0, 3=0, 4=0, 5=0, 6=0, 7=0, 8=0, 9=539, 10=0}, {0=0, 1=0, 2=0, 3=0, 4=0, 5=0, 6=0, 7=0, 8=0, 9=0, 10=0}]
[{0=0, 1=0, 2=0, 3=0, 4=0, 5=0, 6=0, 7=0, 8=0, 9=0, 10=0}, {0=0, 1=0, 2=0, 3=0, 4=0, 5=0, 6=0, 7=1013, 8=0, 9=0, 10=0}, {0=0, 1=0, 2=0, 3=0, 4=0, 5=0, 6=0, 7=830, 8=0, 9=0, 10=0}, {0=0, 1=0, 2=0, 3=0, 4=0, 5=0, 6=432, 7=0, 8=0, 9=0, 10=0}, {0=0, 1=0, 2=0, 3=0, 4=0, 5=0, 6=0, 7=0, 8=184, 9=0, 10=0}, {0=0, 1=0, 2=0, 3=0, 4=0, 5=0, 6=0, 7=0, 8=0, 9=0, 10=165}, {0=0, 1=0, 2=0, 3=0, 4=0, 5=0, 6=0, 7=0, 8=0, 9=0, 10=133}, {0=0, 1=0, 2=0, 3=0, 4=0, 5=0, 6=0, 7=0, 8=142, 9=0, 10=0}, {0=0, 1=0, 2=0, 3=0, 4=0, 5=0, 6=0, 7=0, 8=0, 9=0, 10=122}, {0=0, 1=0, 2=0, 3=0, 4=0, 5=0, 6=0, 7=0, 8=0, 9=562, 10=0}, {0=0, 1=0, 2=0, 3=0, 4=0, 5=0, 6=0, 7=0, 8=0, 9=0, 10=0}]
[{0=0, 1=0, 2=0, 3=0, 4=0, 5=0, 6=0, 7=0, 8=0, 9=0, 10=0}, {0=0, 1=0, 2=0, 3=0, 4=0, 5=0, 6=0, 7=1052, 8=0, 9=0, 10=0}, {0=0, 1=0, 2=0, 3=0, 4=0, 5=0, 6=0, 7=840, 8=0, 9=0, 10=0}, {0=0, 1=0, 2=0, 3=0, 4=0, 5=0, 6=424, 7=0, 8=0, 9=0, 10=0}, {0=0, 1=0, 2=0, 3=0, 4=0, 5=0, 6=0, 7=0, 8=197, 9=0, 10=0}, {0=0, 1=0, 2=0, 3=0, 4=0, 5=0, 6=0, 7=0, 8=0, 9=0, 10=131}, {0=0, 1=0, 2=0, 3=0, 4=0, 5=0, 6=0, 7=0, 8=0, 9=0, 10=160}, {0=0, 1=0, 2=0, 3=0, 4=0, 5=0, 6=0, 7=0, 8=145, 9=0, 10=0}, {0=0, 1=0, 2=0, 3=0, 4=0, 5=0, 6=0, 7=0, 8=0, 9=0, 10=150}, {0=0, 1=0, 2=0, 3=0, 4=0, 5=0, 6=0, 7=0, 8=0, 9=539, 10=0}, {0=0, 1=0, 2=0, 3=0, 4=0, 5=0, 6=0, 7=0, 8=0, 9=0, 10=0}]
[{0=0, 1=0, 2=0, 3=0, 4=0, 5=0, 6=0, 7=0, 8=0, 9=0, 10=0}, {0=0, 1=0, 2=0, 3=0, 4=0, 5=0, 6=0, 7=953, 8=0, 9=0, 10=0}, {0=0, 1=0, 2=0, 3=0, 4=0, 5=0, 6=0, 7=841, 8=0, 9=0, 10=0}, {0=0, 1=0, 2=0, 3=0, 4=0, 5=0, 6=420, 7=0, 8=0, 9=0, 10=0}, {0=0, 1=0, 2=0, 3=0, 4=0, 5=0, 6=0, 7=0, 8=177, 9=0, 10=0}, {0=0, 1=0, 2=0, 3=0, 4=0, 5=0, 6=0, 7=0, 8=0, 9=0, 10=156}, {0=0, 1=0, 2=0, 3=0, 4=0, 5=0, 6=0, 7=0, 8=0, 9=0, 10=155}, {0=0, 1=0, 2=0, 3=0, 4=0, 5=0, 6=0, 7=0, 8=137, 9=0, 10=0}, {0=0, 1=0, 2=0, 3=0, 4=0, 5=0, 6=0, 7=0, 8=0, 9=0, 10=126}, {0=0, 1=0, 2=0, 3=0, 4=0, 5=0, 6=0, 7=0, 8=0, 9=559, 10=0}, {0=0, 1=0, 2=0, 3=0, 4=0, 5=0, 6=0, 7=0, 8=0, 9=0, 10=0}]
[{0=0, 1=0, 2=0, 3=0, 4=0, 5=0, 6=0, 7=0, 8=0, 9=0, 10=0}, {0=0, 1=0, 2=0, 3=0, 4=0, 5=0, 6=0, 7=953, 8=0, 9=0, 10=0}, {0=0, 1=0, 2=0, 3=0, 4=0, 5=0, 6=0, 7=841, 8=0, 9=0, 10=0}, {0=0, 1=0, 2=0, 3=0, 4=0, 5=0, 6=420, 7=0, 8=0, 9=0, 10=0}, {0=0, 1=0, 2=0, 3=0, 4=0, 5=0, 6=0, 7=0, 8=177, 9=0, 10=0}, {0=0, 1=0, 2=0, 3=0, 4=0, 5=0, 6=0, 7=0, 8=0, 9=0, 10=156}, {0=0, 1=0, 2=0, 3=0, 4=0, 5=0, 6=0, 7=0, 8=0, 9=0, 10=155}, {0=0, 1=0, 2=0, 3=0, 4=0, 5=0, 6=0, 7=0, 8=137, 9=0, 10=0}, {0=0, 1=0, 2=0, 3=0, 4=0, 5=0, 6=0, 7=0, 8=0, 9=0, 10=126}, {0=0, 1=0, 2=0, 3=0, 4=0, 5=0, 6=0, 7=0, 8=0, 9=559, 10=0}, {0=0, 1=0, 2=0, 3=0, 4=0, 5=0, 6=0, 7=0, 8=0, 9=0, 10=0}]
[{0=0, 1=0, 2=0, 3=0, 4=0, 5=0, 6=0, 7=0, 8=0, 9=0, 10=0}, {0=0, 1=0, 2=0, 3=0, 4=0, 5=0, 6=0, 7=1115, 8=0, 9=0, 10=0}, {0=0, 1=0, 2=0, 3=0, 4=0, 5=0, 6=0, 7=836, 8=0, 9=0, 10=0}, {0=0, 1=0, 2=0, 3=0, 4=0, 5=0, 6=444, 7=0, 8=0, 9=0, 10=0}, {0=0, 1=0, 2=0, 3=0, 4=0, 5=0, 6=0, 7=0, 8=223, 9=0, 10=0}, {0=0, 1=0, 2=0, 3=0, 4=0, 5=0, 6=0, 7=0, 8=0, 9=0, 10=136}, {0=0, 1=0, 2=0, 3=0, 4=0, 5=0, 6=0, 7=0, 8=0, 9=0, 10=142}, {0=0, 1=0, 2=0, 3=0, 4=0, 5=0, 6=0, 7=0, 8=160, 9=0, 10=0}, {0=0, 1=0, 2=0, 3=0, 4=0, 5=0, 6=0, 7=0, 8=0, 9=0, 10=122}, {0=0, 1=0, 2=0, 3=0, 4=0, 5=0, 6=0, 7=0, 8=0, 9=557, 10=0}, {0=0, 1=0, 2=0, 3=0, 4=0, 5=0, 6=0, 7=0, 8=0, 9=0, 10=0}]
[{0=0, 1=0, 2=0, 3=0, 4=0, 5=0, 6=0, 7=0, 8=0, 9=0, 10=0}, {0=0, 1=0, 2=0, 3=0, 4=0, 5=0, 6=0, 7=1115, 8=0, 9=0, 10=0}, {0=0, 1=0, 2=0, 3=0, 4=0, 5=0, 6=0, 7=836, 8=0, 9=0, 10=0}, {0=0, 1=0, 2=0, 3=0, 4=0, 5=0, 6=444, 7=0, 8=0, 9=0, 10=0}, {0=0, 1=0, 2=0, 3=0, 4=0, 5=0, 6=0, 7=0, 8=223, 9=0, 10=0}, {0=0, 1=0, 2=0, 3=0, 4=0, 5=0, 6=0, 7=0, 8=0, 9=0, 10=136}, {0=0, 1=0, 2=0, 3=0, 4=0, 5=0, 6=0, 7=0, 8=0, 9=0, 10=142}, {0=0, 1=0, 2=0, 3=0, 4=0, 5=0, 6=0, 7=0, 8=160, 9=0, 10=0}, {0=0, 1=0, 2=0, 3=0, 4=0, 5=0, 6=0, 7=0, 8=0, 9=0, 10=122}, {0=0, 1=0, 2=0, 3=0, 4=0, 5=0, 6=0, 7=0, 8=0, 9=557, 10=0}, {0=0, 1=0, 2=0, 3=0, 4=0, 5=0, 6=0, 7=0, 8=0, 9=0, 10=0}]
[{0=0, 1=0, 2=0, 3=0, 4=0, 5=0, 6=0, 7=0, 8=0, 9=0, 10=0}, {0=0, 1=0, 2=0, 3=0, 4=0, 5=0, 6=0, 7=1052, 8=0, 9=0, 10=0}, {0=0, 1=0, 2=0, 3=0, 4=0, 5=0, 6=0, 7=840, 8=0, 9=0, 10=0}, {0=0, 1=0, 2=0, 3=0, 4=0, 5=0, 6=424, 7=0, 8=0, 9=0, 10=0}, {0=0, 1=0, 2=0, 3=0, 4=0, 5=0, 6=0, 7=0, 8=197, 9=0, 10=0}, {0=0, 1=0, 2=0, 3=0, 4=0, 5=0, 6=0, 7=0, 8=0, 9=0, 10=131}, {0=0, 1=0, 2=0, 3=0, 4=0, 5=0, 6=0, 7=0, 8=0, 9=0, 10=160}, {0=0, 1=0, 2=0, 3=0, 4=0, 5=0, 6=0, 7=0, 8=145, 9=0, 10=0}, {0=0, 1=0, 2=0, 3=0, 4=0, 5=0, 6=0, 7=0, 8=0, 9=0, 10=150}, {0=0, 1=0, 2=0, 3=0, 4=0, 5=0, 6=0, 7=0, 8=0, 9=539, 10=0}, {0=0, 1=0, 2=0, 3=0, 4=0, 5=0, 6=0, 7=0, 8=0, 9=0, 10=0}]
[{0=0, 1=0, 2=0, 3=0, 4=0, 5=0, 6=0, 7=0, 8=0, 9=0, 10=0}, {0=0, 1=0, 2=0, 3=0, 4=0, 5=0, 6=0, 7=953, 8=0, 9=0, 10=0}, {0=0, 1=0, 2=0, 3=0, 4=0, 5=0, 6=0, 7=841, 8=0, 9=0, 10=0}, {0=0, 1=0, 2=0, 3=0, 4=0, 5=0, 6=420, 7=0, 8=0, 9=0, 10=0}, {0=0, 1=0, 2=0, 3=0, 4=0, 5=0, 6=0, 7=0, 8=177, 9=0, 10=0}, {0=0, 1=0, 2=0, 3=0, 4=0, 5=0, 6=0, 7=0, 8=0, 9=0, 10=156}, {0=0, 1=0, 2=0, 3=0, 4=0, 5=0, 6=0, 7=0, 8=0, 9=0, 10=155}, {0=0, 1=0, 2=0, 3=0, 4=0, 5=0, 6=0, 7=0, 8=137, 9=0, 10=0}, {0=0, 1=0, 2=0, 3=0, 4=0, 5=0, 6=0, 7=0, 8=0, 9=0, 10=126}, {0=0, 1=0, 2=0, 3=0, 4=0, 5=0, 6=0, 7=0, 8=0, 9=559, 10=0}, {0=0, 1=0, 2=0, 3=0, 4=0, 5=0, 6=0, 7=0, 8=0, 9=0, 10=0}]
[{0=0, 1=0, 2=0, 3=0, 4=0, 5=0, 6=0, 7=0, 8=0, 9=0, 10=0}, {0=0, 1=0, 2=0, 3=0, 4=0, 5=0, 6=0, 7=1150, 8=0, 9=0, 10=0}, {0=0, 1=0, 2=0, 3=0, 4=0, 5=0, 6=0, 7=863, 8=0, 9=0, 10=0}, {0=0, 1=0, 2=0, 3=0, 4=0, 5=0, 6=520, 7=0, 8=0, 9=0, 10=0}, {0=0, 1=0, 2=0, 3=0, 4=0, 5=0, 6=0, 7=0, 8=171, 9=0, 10=0}, {0=0, 1=0, 2=0, 3=0, 4=0, 5=0, 6=0, 7=0, 8=0, 9=0, 10=192}, {0=0, 1=0, 2=0, 3=0, 4=0, 5=0, 6=0, 7=0, 8=0, 9=0, 10=172}, {0=0, 1=0, 2=0, 3=0, 4=0, 5=0, 6=0, 7=0, 8=156, 9=0, 10=0}, {0=0, 1=0, 2=0, 3=0, 4=0, 5=0, 6=0, 7=0, 8=0, 9=0, 10=176}, {0=0, 1=0, 2=0, 3=0, 4=0, 5=0, 6=0, 7=697, 8=0, 9=0, 10=0}, {0=0, 1=0, 2=0, 3=0, 4=0, 5=0, 6=0, 7=0, 8=0, 9=0, 10=0}]
[{0=0, 1=0, 2=0, 3=0, 4=0, 5=0, 6=0, 7=0, 8=0, 9=0, 10=0}, {0=0, 1=0, 2=0, 3=0, 4=0, 5=0, 6=0, 7=947, 8=0, 9=0, 10=0}, {0=0, 1=0, 2=0, 3=0, 4=0, 5=0, 6=0, 7=768, 8=0, 9=0, 10=0}, {0=0, 1=0, 2=0, 3=0, 4=0, 5=0, 6=420, 7=0, 8=0, 9=0, 10=0}, {0=0, 1=0, 2=0, 3=0, 4=0, 5=0, 6=0, 7=0, 8=169, 9=0, 10=0}, {0=0, 1=0, 2=0, 3=0, 4=0, 5=0, 6=0, 7=0, 8=0, 9=0, 10=146}, {0=0, 1=0, 2=0, 3=0, 4=0, 5=0, 6=0, 7=0, 8=0, 9=0, 10=123}, {0=0, 1=0, 2=0, 3=0, 4=0, 5=0, 6=0, 7=0, 8=141, 9=0, 10=0}, {0=0, 1=0, 2=0, 3=0, 4=0, 5=0, 6=0, 7=0, 8=0, 9=0, 10=130}, {0=0, 1=0, 2=0, 3=0, 4=0, 5=0, 6=0, 7=0, 8=0, 9=0, 10=505}, {0=0, 1=0, 2=0, 3=0, 4=0, 5=0, 6=0, 7=0, 8=0, 9=0, 10=0}]
[{0=0, 1=0, 2=0, 3=0, 4=0, 5=0, 6=0, 7=0, 8=0, 9=0, 10=0}, {0=0, 1=0, 2=0, 3=0, 4=0, 5=0, 6=0, 7=947, 8=0, 9=0, 10=0}, {0=0, 1=0, 2=0, 3=0, 4=0, 5=0, 6=0, 7=768, 8=0, 9=0, 10=0}, {0=0, 1=0, 2=0, 3=0, 4=0, 5=0, 6=420, 7=0, 8=0, 9=0, 10=0}, {0=0, 1=0, 2=0, 3=0, 4=0, 5=0, 6=0, 7=0, 8=169, 9=0, 10=0}, {0=0, 1=0, 2=0, 3=0, 4=0, 5=0, 6=0, 7=0, 8=0, 9=0, 10=146}, {0=0, 1=0, 2=0, 3=0, 4=0, 5=0, 6=0, 7=0, 8=0, 9=0, 10=123}, {0=0, 1=0, 2=0, 3=0, 4=0, 5=0, 6=0, 7=0, 8=141, 9=0, 10=0}, {0=0, 1=0, 2=0, 3=0, 4=0, 5=0, 6=0, 7=0, 8=0, 9=0, 10=130}, {0=0, 1=0, 2=0, 3=0, 4=0, 5=0, 6=0, 7=0, 8=0, 9=0, 10=505}, {0=0, 1=0, 2=0, 3=0, 4=0, 5=0, 6=0, 7=0, 8=0, 9=0, 10=0}]
